Child Food Insecurity Rate,Estimated number  food insecure individuals,Estimated Number Food Insecure Children,% of food insecure children in households with income at or below 185% FPL,% of food insecure children in households with income above 185% FPL,Overall Food Insecurity Rate,Year,ID,State Name,state_code,low_type_code,high_type_code
0.20230720937252045,110267.6015625,33589.74609375,0.7217622399330139,0.2785847783088684,0.14928506314754486,2021,101,AL,1.0,0.0,0.0
0.18697451055049896,103793.5390625,31511.86328125,0.7145789861679077,0.2879430651664734,0.137939915060997,2022,101,AL,1.0,0.0,0.0
0.17461299896240234,98553.28125,29977.66796875,0.7081086039543152,0.2932232916355133,0.12958075106143951,2023,101,AL,1.0,0.0,0.0
0.16393397748470306,93667.6640625,28667.115234375,0.7032577991485596,0.29734256863594055,0.12274530529975891,2024,101,AL,1.0,0.0,0.0
0.15423791110515594,88842.609375,27525.65625,0.6993670463562012,0.30059781670570374,0.1156158447265625,2025,101,AL,1.0,0.0,0.0
0.22157002985477448,116406.9921875,34962.99609375,0.7336422801017761,0.2653414011001587,0.1624455749988556,2021,102,AL,1.0,0.0,0.0
0.2051541656255722,110364.625,32886.84765625,0.7267439961433411,0.2734316885471344,0.15083107352256775,2022,102,AL,1.0,0.0,0.0
0.1913459748029709,104971.40625,31257.955078125,0.7198851704597473,0.2820950448513031,0.14123910665512085,2023,102,AL,1.0,0.0,0.0
0.17902064323425293,99952.6953125,29856.232421875,0.7121347784996033,0.2895972728729248,0.13278338313102722,2024,102,AL,1.0,0.0,0.0
0.16776128113269806,94964.4375,28557.2265625,0.7054839730262756,0.2951604127883911,0.1255132555961609,2025,102,AL,1.0,0.0,0.0
0.21789346635341644,120601.234375,34644.5859375,0.7618135213851929,0.23782455921173096,0.16829907894134521,2021,103,AL,1.0,0.0,0.0
0.20383420586585999,114083.078125,32852.1484375,0.7541536688804626,0.24758858978748322,0.15619054436683655,2022,103,AL,1.0,0.0,0.0
0.1924746185541153,109316.171875,31641.193359375,0.747675359249115,0.2550213634967804,0.14704690873622894,2023,103,AL,1.0,0.0,0.0
0.18236340582370758,105269.75,30615.697265625,0.7408370971679688,0.26229774951934814,0.1395539939403534,2024,103,AL,1.0,0.0,0.0
0.17312142252922058,101497.28125,29633.58203125,0.7333654761314392,0.2686280310153961,0.1330534666776657,2025,103,AL,1.0,0.0,0.0
0.21830934286117554,108595.7109375,35895.67578125,0.8317276239395142,0.17526768147945404,0.1493842452764511,2021,104,AL,1.0,0.0,0.0
0.20817925035953522,106019.9921875,34506.2265625,0.8215809464454651,0.1860715001821518,0.14377844333648682,2022,104,AL,1.0,0.0,0.0
0.20115113258361816,105234.796875,33686.2109375,0.8149354457855225,0.19302329421043396,0.14168411493301392,2023,104,AL,1.0,0.0,0.0
0.19508866965770721,104466.1953125,32956.5859375,0.8069854378700256,0.20079636573791504,0.13967014849185944,2024,104,AL,1.0,0.0,0.0
0.18964095413684845,103420.5078125,32286.373046875,0.7988060116767883,0.2085806429386139,0.1374884694814682,2025,104,AL,1.0,0.0,0.0
0.1796332597732544,98385.9140625,29429.158203125,0.72784024477005,0.2740739583969116,0.1309080719947815,2021,105,AL,1.0,0.0,0.0
0.168415829539299,93277.78125,28338.361328125,0.7227216362953186,0.2781190872192383,0.12336204200983047,2022,105,AL,1.0,0.0,0.0
0.15908631682395935,89104.4609375,27538.85546875,0.7215598225593567,0.2788826823234558,0.11686355620622635,2023,105,AL,1.0,0.0,0.0
0.15115056931972504,85071.46875,26871.921875,0.7203025221824646,0.2801342308521271,0.11065829545259476,2024,105,AL,1.0,0.0,0.0
0.1443081647157669,81013.2265625,26091.66015625,0.7184072732925415,0.28167328238487244,0.10447251051664352,2025,105,AL,1.0,0.0,0.0
0.15100398659706116,81108.609375,25629.486328125,0.6310577988624573,0.36986100673675537,0.10859724134206772,2021,106,AL,1.0,0.0,0.0
0.13962846994400024,74790.203125,24553.591796875,0.629634439945221,0.3705861270427704,0.09930908679962158,2022,106,AL,1.0,0.0,0.0
0.12982627749443054,69554.984375,23724.615234375,0.627534806728363,0.37114372849464417,0.0911700576543808,2023,106,AL,1.0,0.0,0.0
0.12138915061950684,64605.9140625,22940.373046875,0.6242328882217407,0.3730456531047821,0.08341562002897263,2024,106,AL,1.0,0.0,0.0
0.1147221103310585,60391.05078125,22213.34765625,0.6209273338317871,0.3754406273365021,0.0770050436258316,2025,106,AL,1.0,0.0,0.0
0.2608974277973175,146975.0625,38779.8359375,0.6832284331321716,0.31934061646461487,0.21664832532405853,2021,107,AL,1.0,0.0,0.0
0.2400035262107849,136405.578125,35202.890625,0.6602379679679871,0.3407006859779358,0.19945573806762695,2022,107,AL,1.0,0.0,0.0
0.2211415022611618,124635.625,32188.8125,0.6349346041679382,0.3635590672492981,0.18127849698066711,2023,107,AL,1.0,0.0,0.0
0.2011149376630783,113772.046875,29493.505859375,0.6109974980354309,0.3854086697101593,0.16219528019428253,2024,107,AL,1.0,0.0,0.0
0.18272987008094788,104144.6328125,27185.326171875,0.5965496897697449,0.4034557342529297,0.14383555948734283,2025,107,AL,1.0,0.0,0.0
0.16300687193870544,90096.609375,30628.814453125,0.6221717000007629,0.37998682260513306,0.11699756979942322,2021,200,AK,0.0,0.0,0.0
0.14976491034030914,83593.3671875,28329.599609375,0.6158677339553833,0.3852127492427826,0.10800247639417648,2022,200,AK,0.0,0.0,0.0
0.13769125938415527,76978.3125,26308.46484375,0.6120388507843018,0.38788244128227234,0.09912952780723572,2023,200,AK,0.0,0.0,0.0
0.12674549221992493,70426.421875,24594.0390625,0.6082985997200012,0.3898487091064453,0.0902431458234787,2024,200,AK,0.0,0.0,0.0
0.11789927631616592,64870.53515625,23247.01171875,0.6046527624130249,0.39228686690330505,0.08233153820037842,2025,200,AK,0.0,0.0,0.0
0.2284068614244461,119952.1171875,41073.1875,0.7374314069747925,0.2648957371711731,0.15440158545970917,2021,401,AZ,3.0,1.0,2.0
0.217033252120018,116946.453125,39079.62109375,0.7335801124572754,0.26915401220321655,0.14804379642009735,2022,401,AZ,3.0,1.0,2.0
0.20849084854125977,115028.3203125,37557.296875,0.7322563529014587,0.270621657371521,0.1444338858127594,2023,401,AZ,3.0,1.0,2.0
0.2023370862007141,114182.296875,36417.44140625,0.7315349578857422,0.2711559534072876,0.1425439566373825,2024,401,AZ,3.0,1.0,2.0
0.19698365032672882,113732.9609375,35475.9453125,0.7316886186599731,0.27050235867500305,0.1413051337003708,2025,401,AZ,3.0,1.0,2.0
0.17947663366794586,96270.609375,26840.67578125,0.6652870178222656,0.3351171612739563,0.1267811805009842,2021,402,AZ,3.0,1.0,2.0
0.1687835454940796,92593.1015625,25768.9921875,0.6641456484794617,0.33575618267059326,0.12223702669143677,2022,402,AZ,3.0,1.0,2.0
0.15932734310626984,89386.0078125,24828.6328125,0.6642702221870422,0.3349775969982147,0.1181434839963913,2023,402,AZ,3.0,1.0,2.0
0.15107929706573486,86419.96875,24112.6953125,0.6654413938522339,0.33382585644721985,0.11373971402645111,2024,402,AZ,3.0,1.0,2.0
0.14387132227420807,83592.5390625,23609.89453125,0.6686707735061646,0.33095255494117737,0.10922344028949738,2025,402,AZ,3.0,1.0,2.0
0.21980559825897217,111696.2578125,43036.8828125,0.7911950945854187,0.21141038835048676,0.1379169374704361,2021,403,AZ,3.0,1.0,2.0
0.22044606506824493,114610.7578125,42384.32421875,0.7936154007911682,0.2084178328514099,0.14335383474826813,2022,403,AZ,3.0,1.0,2.0
0.2194603532552719,117898.4609375,41835.8828125,0.7959639430046082,0.20618151128292084,0.14850358664989471,2023,403,AZ,3.0,1.0,2.0
0.21717149019241333,119847.3203125,41060.1171875,0.7951711416244507,0.20727242529392242,0.15133890509605408,2024,403,AZ,3.0,1.0,2.0
0.21383628249168396,120657.71875,40168.80078125,0.7918639779090881,0.21093697845935822,0.15245939791202545,2025,403,AZ,3.0,1.0,2.0
0.20493194460868835,114943.5,30743.462890625,0.6701252460479736,0.32821863889694214,0.1501806676387787,2021,404,AZ,3.0,1.0,2.0
0.19495585560798645,113340.6875,29807.330078125,0.6705716252326965,0.3270122706890106,0.14625784754753113,2022,404,AZ,3.0,1.0,2.0
0.18520168960094452,111252.7890625,28880.1953125,0.6676881909370422,0.3301260769367218,0.1420619785785675,2023,404,AZ,3.0,1.0,2.0
0.1761241853237152,108491.15625,27896.759765625,0.6657245755195618,0.333467960357666,0.1375112533569336,2024,404,AZ,3.0,1.0,2.0
0.1682499796152115,105460.8515625,27031.1875,0.6642957925796509,0.3356572389602661,0.1333182156085968,2025,404,AZ,3.0,1.0,2.0
0.14321525394916534,83303.0234375,27703.71484375,0.47769057750701904,0.5210729241371155,0.10416817665100098,2021,405,AZ,3.0,1.0,2.0
0.135136216878891,80154.984375,25181.28515625,0.487409383058548,0.5109946727752686,0.10173998028039932,2022,405,AZ,3.0,1.0,2.0
0.12654529511928558,76259.34375,23121.423828125,0.4986494481563568,0.4996715486049652,0.09721212834119797,2023,405,AZ,3.0,1.0,2.0
0.11935994774103165,72560.734375,21556.349609375,0.5096679925918579,0.4876587986946106,0.09264294058084488,2024,405,AZ,3.0,1.0,2.0
0.11331736296415329,69206.5546875,20382.201171875,0.5209465622901917,0.4760605990886688,0.08818789571523666,2025,405,AZ,3.0,1.0,2.0
0.14655782282352448,83289.6796875,23579.2734375,0.5580060482025146,0.44179442524909973,0.1096751019358635,2021,406,AZ,3.0,1.0,2.0
0.13941392302513123,80263.484375,22572.2421875,0.5582552552223206,0.4404056668281555,0.10574797540903091,2022,406,AZ,3.0,1.0,2.0
0.13143187761306763,76767.9296875,21575.18359375,0.5641263127326965,0.4335426688194275,0.10068406909704208,2023,406,AZ,3.0,1.0,2.0
0.12463802099227905,73642.921875,20834.494140625,0.5717594027519226,0.425705224275589,0.09576492011547089,2024,406,AZ,3.0,1.0,2.0
0.11909949034452438,70943.3984375,20354.294921875,0.5794664025306702,0.4181967079639435,0.09143968671560287,2025,406,AZ,3.0,1.0,2.0
0.23468990623950958,120867.1875,52881.37890625,0.7850894927978516,0.21637150645256042,0.14510567486286163,2021,407,AZ,3.0,1.0,2.0
0.22729186713695526,117946.7265625,49609.5,0.7790974378585815,0.22340604662895203,0.142788827419281,2022,407,AZ,3.0,1.0,2.0
0.22329021990299225,117907.1484375,47781.203125,0.7801904082298279,0.22386735677719116,0.1434146910905838,2023,407,AZ,3.0,1.0,2.0
0.22013413906097412,118462.8671875,46271.81640625,0.7784442901611328,0.22645623981952667,0.1448173075914383,2024,407,AZ,3.0,1.0,2.0
0.216881662607193,118939.796875,44762.60546875,0.7748513221740723,0.23030900955200195,0.14596307277679443,2025,407,AZ,3.0,1.0,2.0
0.14714832603931427,85078.8046875,24785.669921875,0.5360159873962402,0.4623487591743469,0.110890232026577,2021,408,AZ,3.0,1.0,2.0
0.13982023298740387,82527.0390625,23591.716796875,0.5424888134002686,0.45568907260894775,0.10749416053295135,2022,408,AZ,3.0,1.0,2.0
0.1323709487915039,79157.765625,22463.751953125,0.5474138855934143,0.450263112783432,0.1028086245059967,2023,408,AZ,3.0,1.0,2.0
0.1251518279314041,75329.296875,21364.599609375,0.5544706583023071,0.44291067123413086,0.09734852612018585,2024,408,AZ,3.0,1.0,2.0
0.11907477676868439,71915.3046875,20560.869140625,0.5625467300415039,0.43489784002304077,0.09231303632259369,2025,408,AZ,3.0,1.0,2.0
0.17226777970790863,103305.21875,28937.140625,0.6584612727165222,0.3405992090702057,0.12960879504680634,2021,409,AZ,3.0,1.0,2.0
0.1639009267091751,99756.109375,27652.48046875,0.6561613082885742,0.34366223216056824,0.12587104737758636,2022,409,AZ,3.0,1.0,2.0
0.155913308262825,96301.078125,26530.8359375,0.6591594219207764,0.3399878442287445,0.12236226350069046,2023,409,AZ,3.0,1.0,2.0
0.14920450747013092,93298.21875,25710.9296875,0.6620553731918335,0.33655741810798645,0.11884184926748276,2024,409,AZ,3.0,1.0,2.0
0.14353789389133453,90757.9296875,25170.65625,0.6650596857070923,0.33343034982681274,0.11523717641830444,2025,409,AZ,3.0,1.0,2.0
0.24159623682498932,133694.09375,40367.33203125,0.736409604549408,0.2645023465156555,0.18595615029335022,2021,501,AR,2.0,0.0,0.0
0.22498245537281036,124926.75,37137.34375,0.7204761505126953,0.2782457172870636,0.17251965403556824,2022,501,AR,2.0,0.0,0.0
0.209051713347435,116934.3515625,34500.5390625,0.7081001400947571,0.29061049222946167,0.16002950072288513,2023,501,AR,2.0,0.0,0.0
0.19350096583366394,109984.0703125,32169.083984375,0.6976492404937744,0.30282074213027954,0.14769785106182098,2024,501,AR,2.0,0.0,0.0
0.17932693660259247,104145.9921875,30220.19140625,0.6874307990074158,0.3131236135959625,0.1377260386943817,2025,501,AR,2.0,0.0,0.0
0.1959427148103714,121052.5390625,34286.83203125,0.6476832628250122,0.34959831833839417,0.16066372394561768,2021,502,AR,2.0,0.0,0.0
0.18113064765930176,113878.78125,31679.134765625,0.6389697790145874,0.3594311475753784,0.14897647500038147,2022,502,AR,2.0,0.0,0.0
0.1686761975288391,107254.703125,29573.27734375,0.6305981874465942,0.36770936846733093,0.13865697383880615,2023,502,AR,2.0,0.0,0.0
0.15721061825752258,100838.0390625,27756.392578125,0.6241474151611328,0.37592020630836487,0.1306678205728531,2024,502,AR,2.0,0.0,0.0
0.1460556983947754,93874.4765625,26084.57421875,0.618327260017395,0.38207265734672546,0.1221834272146225,2025,502,AR,2.0,0.0,0.0
0.18376663327217102,109399.984375,34698.64453125,0.7479621767997742,0.25673848390579224,0.1397194266319275,2021,503,AR,2.0,0.0,0.0
0.1771085262298584,105668.8203125,33272.44921875,0.739429235458374,0.26466190814971924,0.13432595133781433,2022,503,AR,2.0,0.0,0.0
0.17052258551120758,103180.8671875,32046.125,0.736377477645874,0.26708459854125977,0.13080625236034393,2023,503,AR,2.0,0.0,0.0
0.16463397443294525,100717.578125,30985.591796875,0.7338417172431946,0.2690986096858978,0.12791353464126587,2024,503,AR,2.0,0.0,0.0
0.1590190976858139,97748.859375,29932.533203125,0.7313628792762756,0.27116915583610535,0.1241583600640297,2025,503,AR,2.0,0.0,0.0
0.24016237258911133,127994.3359375,39021.125,0.7481446862220764,0.2521062195301056,0.1798166185617447,2021,504,AR,2.0,0.0,0.0
0.22482708096504211,121063.2890625,36402.16015625,0.7368061542510986,0.2618139386177063,0.16800059378147125,2022,504,AR,2.0,0.0,0.0
0.20988565683364868,114550.7578125,34193.6484375,0.7269364595413208,0.2725028097629547,0.15719470381736755,2023,504,AR,2.0,0.0,0.0
0.19561493396759033,108618.265625,32234.251953125,0.7178050875663757,0.28305429220199585,0.14642316102981567,2024,504,AR,2.0,0.0,0.0
0.18220458924770355,103171.8828125,30464.25,0.7091874480247498,0.2926763892173767,0.13717950880527496,2025,504,AR,2.0,0.0,0.0
0.18883934617042542,100469.7109375,26801.216796875,0.6630432605743408,0.3363919258117676,0.13448967039585114,2021,601,CA,4.0,1.0,2.0
0.17909415066242218,99382.8125,26042.3828125,0.6668412089347839,0.3336704969406128,0.13149097561836243,2022,601,CA,4.0,1.0,2.0
0.1698969602584839,97130.4921875,25282.453125,0.6643002033233643,0.33598026633262634,0.1279291808605194,2023,601,CA,4.0,1.0,2.0
0.16067180037498474,93976.328125,24494.28125,0.6626768112182617,0.33670729398727417,0.1235949844121933,2024,601,CA,4.0,1.0,2.0
0.15203166007995605,90411.921875,23810.482421875,0.6633411049842834,0.3351927101612091,0.11857151985168457,2025,601,CA,4.0,1.0,2.0
0.14176106452941895,78116.953125,21339.83984375,0.5921362042427063,0.4067957401275635,0.10571017116308212,2021,602,CA,4.0,1.0,2.0
0.13479585945606232,75844.3515625,21052.880859375,0.597573459148407,0.4012419283390045,0.10151287168264389,2022,602,CA,4.0,1.0,2.0
0.12819454073905945,73142.875,20657.58203125,0.5997998118400574,0.3987498879432678,0.09670740365982056,2023,602,CA,4.0,1.0,2.0
0.12243293225765228,70359.875,20303.57421875,0.6044971346855164,0.3940139710903168,0.09192235767841339,2024,602,CA,4.0,1.0,2.0
0.1177859753370285,68040.7578125,20128.595703125,0.6103602051734924,0.38824397325515747,0.08796412497758865,2025,602,CA,4.0,1.0,2.0
0.15366724133491516,85809.609375,26995.234375,0.6528139710426331,0.3478865921497345,0.11120279878377914,2021,603,CA,4.0,1.0,2.0
0.14766356348991394,84117.9453125,26079.529296875,0.6546030640602112,0.345323771238327,0.10858545452356339,2022,603,CA,4.0,1.0,2.0
0.14140543341636658,82356.96875,25277.458984375,0.658497154712677,0.34127479791641235,0.10561425983905792,2023,603,CA,4.0,1.0,2.0
0.13610106706619263,80462.6328125,24668.326171875,0.6648950576782227,0.3347780704498291,0.10234126448631287,2024,603,CA,4.0,1.0,2.0
0.13212721049785614,78694.359375,24224.642578125,0.6719086170196533,0.32776933908462524,0.09942115098237991,2025,603,CA,4.0,1.0,2.0
0.134752094745636,72142.890625,21265.794921875,0.4801141619682312,0.5181140899658203,0.09678176790475845,2021,604,CA,4.0,1.0,2.0
0.12305089831352234,67544.9765625,19648.1875,0.48970553278923035,0.5076259970664978,0.08968620747327805,2022,604,CA,4.0,1.0,2.0
0.11378710716962814,63211.82421875,18461.890625,0.5001787543296814,0.49721112847328186,0.08350624889135361,2023,604,CA,4.0,1.0,2.0
0.10649030655622482,59487.0390625,17675.0078125,0.5102578997612,0.48717910051345825,0.07814393192529678,2024,604,CA,4.0,1.0,2.0
0.10074511915445328,56224.7265625,17112.734375,0.5197668671607971,0.4778311550617218,0.0735693946480751,2025,604,CA,4.0,1.0,2.0
0.13388121128082275,72469.7109375,21466.61328125,0.603547990322113,0.3955528140068054,0.09652086347341537,2021,605,CA,4.0,1.0,2.0
0.12724170088768005,69912.0078125,20909.93359375,0.6043097972869873,0.3943007290363312,0.09218155592679977,2022,605,CA,4.0,1.0,2.0
0.12149729579687119,67434.9375,20477.90234375,0.6099647879600525,0.3886224925518036,0.08798579126596451,2023,605,CA,4.0,1.0,2.0
0.11699153482913971,65245.57421875,20225.19921875,0.6175699234008789,0.38109591603279114,0.08423669636249542,2024,605,CA,4.0,1.0,2.0
0.11382699012756348,63803.65234375,20261.80859375,0.6248347163200378,0.3738253712654114,0.08160518854856491,2025,605,CA,4.0,1.0,2.0
0.19823938608169556,111314.2421875,37329.94921875,0.7265990972518921,0.2759931981563568,0.13783757388591766,2021,606,CA,4.0,1.0,2.0
0.19224537909030914,110901.5390625,36082.8359375,0.7238110899925232,0.27810248732566833,0.13647566735744476,2022,606,CA,4.0,1.0,2.0
0.1864190697669983,110204.5546875,34983.08203125,0.7251097559928894,0.27747809886932373,0.13507221639156342,2023,606,CA,4.0,1.0,2.0
0.1819395273923874,109756.015625,34066.71875,0.7275867462158203,0.2758195698261261,0.13425973057746887,2024,606,CA,4.0,1.0,2.0
0.1782636195421219,109871.375,33438.51953125,0.7305064797401428,0.27346110343933105,0.13435086607933044,2025,606,CA,4.0,1.0,2.0
0.1536841243505478,84105.578125,26651.70703125,0.5831922292709351,0.41665568947792053,0.10921159386634827,2021,607,CA,4.0,1.0,2.0
0.1436171680688858,80950.203125,24725.564453125,0.58819180727005,0.41114363074302673,0.10499130934476852,2022,607,CA,4.0,1.0,2.0
0.13541549444198608,77981.046875,23424.51953125,0.5955580472946167,0.4035961627960205,0.10070277005434036,2023,607,CA,4.0,1.0,2.0
0.129158616065979,75655.6328125,22643.376953125,0.6017345786094666,0.39718788862228394,0.09708549082279205,2024,607,CA,4.0,1.0,2.0
0.12401935458183289,73373.9296875,22014.466796875,0.6077750325202942,0.39090418815612793,0.09363371878862381,2025,607,CA,4.0,1.0,2.0
0.20918232202529907,100841.3203125,40299.42578125,0.7298378944396973,0.2713940739631653,0.12516142427921295,2021,608,CA,4.0,1.0,2.0
0.20460909605026245,102617.2578125,39172.1328125,0.7356727719306946,0.2658541798591614,0.1265651136636734,2022,608,CA,4.0,1.0,2.0
0.20061182975769043,104741.2109375,38256.87109375,0.7441981434822083,0.258326917886734,0.1288435012102127,2023,608,CA,4.0,1.0,2.0
0.1975126713514328,106611.6171875,37436.0625,0.7526261210441589,0.25130417943000793,0.13114899396896362,2024,608,CA,4.0,1.0,2.0
0.1951620727777481,108506.6796875,36753.59765625,0.7592432498931885,0.24571183323860168,0.13369975984096527,2025,608,CA,4.0,1.0,2.0
0.17972388863563538,93203.5,36478.01953125,0.6797086596488953,0.3227291703224182,0.11514004319906235,2021,609,CA,4.0,1.0,2.0
0.17295461893081665,92818.046875,34691.62109375,0.6858997344970703,0.316337913274765,0.11447934806346893,2022,609,CA,4.0,1.0,2.0
0.16720138490200043,92888.4765625,33501.83984375,0.6946967244148254,0.3072477877140045,0.11390984058380127,2023,609,CA,4.0,1.0,2.0
0.16249123215675354,93055.765625,32520.033203125,0.7031965255737305,0.298608660697937,0.11357740312814713,2024,609,CA,4.0,1.0,2.0
0.15858270227909088,93172.890625,31655.44921875,0.7109827399253845,0.2910458743572235,0.11352553963661194,2025,609,CA,4.0,1.0,2.0
0.18421366810798645,90981.3046875,36054.53515625,0.7441199421882629,0.2599041759967804,0.11277664452791214,2021,610,CA,4.0,1.0,2.0
0.18126563727855682,92853.6875,35391.21484375,0.7573574185371399,0.24730184674263,0.11473070830106735,2022,610,CA,4.0,1.0,2.0
0.1798681616783142,95448.5,35097.01953125,0.7700347304344177,0.23558436334133148,0.11769533157348633,2023,610,CA,4.0,1.0,2.0
0.17954044044017792,97732.9609375,34821.25,0.7800599932670593,0.22676683962345123,0.12055224925279617,2024,610,CA,4.0,1.0,2.0
0.17954739928245544,99414.0703125,34380.39453125,0.7873926162719727,0.22036948800086975,0.12295747548341751,2025,610,CA,4.0,1.0,2.0
0.12413426488637924,69829.2734375,20863.962890625,0.5483646988868713,0.44932156801223755,0.09185366332530975,2021,611,CA,4.0,1.0,2.0
0.11942803859710693,68046.5625,20356.98046875,0.5562933683395386,0.44135531783103943,0.08881306648254395,2022,611,CA,4.0,1.0,2.0
0.11406740546226501,65783.9140625,19754.6796875,0.5637168288230896,0.43403974175453186,0.08505645394325256,2023,611,CA,4.0,1.0,2.0
0.10951533913612366,63607.73046875,19345.17578125,0.5715723037719727,0.42651376128196716,0.08143573254346848,2024,611,CA,4.0,1.0,2.0
0.1058960109949112,61475.390625,19044.857421875,0.579587459564209,0.418744295835495,0.07806799560785294,2025,611,CA,4.0,1.0,2.0
0.1252506524324417,79700.2265625,16970.58203125,0.5447466373443604,0.45136019587516785,0.11182811111211777,2021,612,CA,4.0,1.0,2.0
0.12086363881826401,74725.6171875,17409.599609375,0.5470069646835327,0.4492764472961426,0.10272461175918579,2022,612,CA,4.0,1.0,2.0
0.1141735389828682,69992.109375,17353.685546875,0.5571506023406982,0.4388048052787781,0.09389929473400116,2023,612,CA,4.0,1.0,2.0
0.10908593237400055,66234.1796875,17453.138671875,0.5663965940475464,0.4296858012676239,0.08737438917160034,2024,612,CA,4.0,1.0,2.0
0.1054525151848793,63222.07421875,17586.63671875,0.5743507146835327,0.4225541353225708,0.08234235644340515,2025,612,CA,4.0,1.0,2.0
0.14821386337280273,93537.4140625,22695.908203125,0.5856003165245056,0.41205108165740967,0.12282276898622513,2021,613,CA,4.0,1.0,2.0
0.14483165740966797,91326.3046875,22683.94921875,0.5890635848045349,0.40802767872810364,0.12044346332550049,2022,613,CA,4.0,1.0,2.0
0.1380152553319931,86579.140625,22023.78125,0.5906462669372559,0.406444251537323,0.11426389217376709,2023,613,CA,4.0,1.0,2.0
0.13130192458629608,82188.7109375,21487.919921875,0.5957762002944946,0.40163007378578186,0.10746089369058609,2024,613,CA,4.0,1.0,2.0
0.1256938874721527,78625.9609375,21106.091796875,0.6014463305473328,0.3960122764110565,0.10175833106040955,2025,613,CA,4.0,1.0,2.0
0.09824424982070923,57006.91015625,15674.2080078125,0.49763888120651245,0.4983503222465515,0.07650603353977203,2021,614,CA,4.0,1.0,2.0
0.0948905423283577,54031.24609375,15664.0166015625,0.5069140791893005,0.48954546451568604,0.07212647050619125,2022,614,CA,4.0,1.0,2.0
0.0908479169011116,51054.84375,15472.662109375,0.5169116258621216,0.4800734519958496,0.06742457300424576,2023,614,CA,4.0,1.0,2.0
0.0873553678393364,48582.859375,15391.6513671875,0.5265162587165833,0.4710024297237396,0.06300701946020126,2024,614,CA,4.0,1.0,2.0
0.08493116497993469,46443.8359375,15434.748046875,0.5353677868843079,0.4621174931526184,0.05949784070253372,2025,614,CA,4.0,1.0,2.0
0.09240216016769409,54055.73046875,16281.44921875,0.44522160291671753,0.5512822270393372,0.07213259488344193,2021,615,CA,4.0,1.0,2.0
0.08830523490905762,50743.5390625,15402.982421875,0.45783162117004395,0.5382285118103027,0.06751719862222672,2022,615,CA,4.0,1.0,2.0
0.08303743600845337,46867.71484375,14604.576171875,0.4708905816078186,0.5255303382873535,0.06166841834783554,2023,615,CA,4.0,1.0,2.0
0.07884357869625092,43527.21484375,14152.640625,0.483024001121521,0.5138058662414551,0.05648941546678543,2024,615,CA,4.0,1.0,2.0
0.07609669864177704,40854.00390625,14058.51953125,0.4935334622859955,0.5032480359077454,0.052414506673812866,2025,615,CA,4.0,1.0,2.0
0.2615898549556732,129905.2421875,55253.75,0.833257257938385,0.16844560205936432,0.16306939721107483,2021,616,CA,4.0,1.0,2.0
0.25433844327926636,129614.40625,52808.484375,0.8267672657966614,0.17499279975891113,0.1633181869983673,2022,616,CA,4.0,1.0,2.0
0.24763326346874237,129619.4296875,50729.77734375,0.8203055262565613,0.18203486502170563,0.16354204714298248,2023,616,CA,4.0,1.0,2.0
0.24108514189720154,129328.171875,48748.8671875,0.8132401704788208,0.18987639248371124,0.16336742043495178,2024,616,CA,4.0,1.0,2.0
0.23430901765823364,128329.1015625,46760.80859375,0.804760217666626,0.19905704259872437,0.16190524399280548,2025,616,CA,4.0,1.0,2.0
0.09348400682210922,57490.5859375,15119.626953125,0.41458240151405334,0.5823971629142761,0.07748521864414215,2021,617,CA,4.0,1.0,2.0
0.08771999180316925,52918.53515625,14246.349609375,0.42921707034111023,0.5662354230880737,0.07124892622232437,2022,617,CA,4.0,1.0,2.0
0.08169582486152649,48125.57421875,13440.005859375,0.4454805254936218,0.5500377416610718,0.06480196863412857,2023,617,CA,4.0,1.0,2.0
0.07716841250658035,44204.08984375,13051.544921875,0.4609193503856659,0.5347538590431213,0.058967024087905884,2024,617,CA,4.0,1.0,2.0
0.07383435219526291,40976.5078125,12914.796875,0.4741932451725006,0.5219936966896057,0.05389166623353958,2025,617,CA,4.0,1.0,2.0
0.08395133167505264,50127.12109375,14335.509765625,0.47484058141708374,0.5213530659675598,0.06738106161355972,2021,618,CA,4.0,1.0,2.0
0.08138471841812134,46168.078125,13793.826171875,0.48033955693244934,0.5153109431266785,0.062267206609249115,2022,618,CA,4.0,1.0,2.0
0.07810402661561966,43093.8203125,13500.970703125,0.4926679730415344,0.5032050609588623,0.057430729269981384,2023,618,CA,4.0,1.0,2.0
0.0758184865117073,40969.71875,13574.388671875,0.5042527914047241,0.4922126233577728,0.05359768867492676,2024,618,CA,4.0,1.0,2.0
0.07433923333883286,39054.6875,13825.009765625,0.5135572552680969,0.4831080138683319,0.050046615302562714,2025,618,CA,4.0,1.0,2.0
0.1108526736497879,60023.234375,19606.21875,0.5748438835144043,0.4230409264564514,0.07817072421312332,2021,619,CA,4.0,1.0,2.0
0.10930464416742325,58925.5546875,19773.396484375,0.5802944302558899,0.41749805212020874,0.07587084174156189,2022,619,CA,4.0,1.0,2.0
0.10641495138406754,57772.18359375,19614.125,0.5880295634269714,0.4098615050315857,0.07348372042179108,2023,619,CA,4.0,1.0,2.0
0.10411356389522552,56725.515625,19585.978515625,0.5965436100959778,0.4013725221157074,0.07147710025310516,2024,619,CA,4.0,1.0,2.0
0.10250242799520493,55790.5703125,19694.9453125,0.6054868698120117,0.39242422580718994,0.06970775127410889,2025,619,CA,4.0,1.0,2.0
0.15009412169456482,71191.5859375,26981.673828125,0.7723785638809204,0.22970424592494965,0.09211976081132889,2021,620,CA,4.0,1.0,2.0
0.15147243440151215,72224.484375,27633.041015625,0.7846438884735107,0.21879003942012787,0.09306414425373077,2022,620,CA,4.0,1.0,2.0
0.15264882147312164,74100.375,28210.619140625,0.8004406094551086,0.2045331448316574,0.09480863064527512,2023,620,CA,4.0,1.0,2.0
0.1542874425649643,75821.84375,28607.04296875,0.8151975870132446,0.19118213653564453,0.09635793417692184,2024,620,CA,4.0,1.0,2.0
0.1563340574502945,77401.1171875,28931.244140625,0.8278385400772095,0.17965519428253174,0.09840983152389526,2025,620,CA,4.0,1.0,2.0
0.24791529774665833,111811.859375,50586.57421875,0.8692507147789001,0.13391786813735962,0.14012527465820312,2021,621,CA,4.0,1.0,2.0
0.2494530975818634,117257.171875,49549.4453125,0.870221734046936,0.1335994154214859,0.1492430865764618,2022,621,CA,4.0,1.0,2.0
0.2499622404575348,123543.765625,48803.28125,0.8738574981689453,0.1302153617143631,0.15892620384693146,2023,621,CA,4.0,1.0,2.0
0.2488613873720169,128324.015625,47794.4453125,0.8723922967910767,0.1315539926290512,0.16647012531757355,2024,621,CA,4.0,1.0,2.0
0.24604463577270508,131176.203125,46454.30078125,0.867713451385498,0.13645562529563904,0.1713695526123047,2025,621,CA,4.0,1.0,2.0
0.19296246767044067,94645.6953125,40392.484375,0.7590676546096802,0.24413983523845673,0.11346515268087387,2021,622,CA,4.0,1.0,2.0
0.19408391416072845,97547.09375,39794.66796875,0.7689406871795654,0.23475851118564606,0.11731010675430298,2022,622,CA,4.0,1.0,2.0
0.19535662233829498,101266.4375,39299.91796875,0.7805148363113403,0.22474724054336548,0.12241483479738235,2023,622,CA,4.0,1.0,2.0
0.19690534472465515,105210.546875,38938.1875,0.7882614731788635,0.2182266265153885,0.12816937267780304,2024,622,CA,4.0,1.0,2.0
0.19809891283512115,108568.4921875,38514.828125,0.7936965823173523,0.2136375606060028,0.13345400989055634,2025,622,CA,4.0,1.0,2.0
0.21258796751499176,110224.0703125,41801.05078125,0.7385902404785156,0.264017254114151,0.13571898639202118,2021,623,CA,4.0,1.0,2.0
0.20959115028381348,112006.1328125,40813.0,0.7442849278450012,0.2583770155906677,0.13792209327220917,2022,623,CA,4.0,1.0,2.0
0.20679551362991333,113576.9453125,39913.921875,0.7475078105926514,0.25533655285835266,0.13992354273796082,2023,623,CA,4.0,1.0,2.0
0.20359615981578827,114313.4765625,38874.5546875,0.7494978308677673,0.2536603808403015,0.14085976779460907,2024,623,CA,4.0,1.0,2.0
0.1999174952507019,114765.9609375,37878.59375,0.7512189149856567,0.252173513174057,0.14142759144306183,2025,623,CA,4.0,1.0,2.0
0.1392533779144287,76215.203125,22201.939453125,0.6930738687515259,0.3071364760398865,0.10076268017292023,2021,624,CA,4.0,1.0,2.0
0.1354077309370041,73671.7421875,22276.255859375,0.6960346102714539,0.3041638433933258,0.0968412235379219,2022,624,CA,4.0,1.0,2.0
0.13214586675167084,72237.75,22436.689453125,0.7041577696800232,0.29577258229255676,0.09400623291730881,2023,624,CA,4.0,1.0,2.0
0.13014847040176392,71300.46875,22725.17578125,0.7131422162055969,0.28662630915641785,0.09182345867156982,2024,624,CA,4.0,1.0,2.0
0.12925605475902557,70597.0703125,23049.8828125,0.722493588924408,0.2772515118122101,0.09010779112577438,2025,624,CA,4.0,1.0,2.0
0.15042243897914886,72016.6875,28150.931640625,0.6472843289375305,0.3529340922832489,0.09320130199193954,2021,625,CA,4.0,1.0,2.0
0.14517241716384888,71623.34375,27345.166015625,0.6559295654296875,0.3440685272216797,0.0918779969215393,2022,625,CA,4.0,1.0,2.0
0.1405009627342224,71015.78125,26715.1171875,0.6651708483695984,0.33463096618652344,0.09033089876174927,2023,625,CA,4.0,1.0,2.0
0.13683031499385834,70529.1328125,26221.044921875,0.674962043762207,0.3244641423225403,0.08898346871137619,2024,625,CA,4.0,1.0,2.0
0.1342182457447052,70330.828125,25935.328125,0.6853182911872864,0.3138172924518585,0.08807536214590073,2025,625,CA,4.0,1.0,2.0
0.13104383647441864,58131.2734375,23395.681640625,0.7256495356559753,0.27271223068237305,0.07431459426879883,2021,626,CA,4.0,1.0,2.0
0.13223429024219513,57882.734375,23712.212890625,0.7324127554893494,0.26541489362716675,0.07380586117506027,2022,626,CA,4.0,1.0,2.0
0.1336645483970642,59483.06640625,24353.177734375,0.750665545463562,0.24718476831912994,0.0749727189540863,2023,626,CA,4.0,1.0,2.0
0.1361026018857956,61705.7578125,25162.603515625,0.7685447931289673,0.2307279407978058,0.07757055759429932,2024,626,CA,4.0,1.0,2.0
0.13911351561546326,63993.890625,26017.91796875,0.7845749855041504,0.21637502312660217,0.0805523619055748,2025,626,CA,4.0,1.0,2.0
0.13186311721801758,69726.1640625,20421.76953125,0.6535819172859192,0.3464233875274658,0.09320174157619476,2021,627,CA,4.0,1.0,2.0
0.12654174864292145,66958.7578125,20176.603515625,0.6543089151382446,0.34511658549308777,0.0890248492360115,2022,627,CA,4.0,1.0,2.0
0.12256309390068054,65070.06640625,20178.8515625,0.660915732383728,0.33835574984550476,0.08570662140846252,2023,627,CA,4.0,1.0,2.0
0.11999611556529999,63770.65234375,20384.0078125,0.6690459251403809,0.3300994038581848,0.08301931619644165,2024,627,CA,4.0,1.0,2.0
0.11860882490873337,63208.85546875,20823.72265625,0.677565336227417,0.32125991582870483,0.08127893507480621,2025,627,CA,4.0,1.0,2.0
0.15240933001041412,88523.4765625,19491.185546875,0.5791990756988525,0.41744354367256165,0.12238360941410065,2021,628,CA,4.0,1.0,2.0
0.1435719132423401,83651.8203125,19482.916015625,0.5800565481185913,0.41712942719459534,0.1149257943034172,2022,628,CA,4.0,1.0,2.0
0.13452297449111938,78675.0703125,19304.373046875,0.5832576751708984,0.41402387619018555,0.10680235177278519,2023,628,CA,4.0,1.0,2.0
0.12703964114189148,74362.6640625,19175.326171875,0.58711177110672,0.41020533442497253,0.09969056397676468,2024,628,CA,4.0,1.0,2.0
0.12099046260118484,70843.296875,19078.28515625,0.5920187830924988,0.40559151768684387,0.09373047202825546,2025,628,CA,4.0,1.0,2.0
0.16970404982566833,78710.6171875,28903.712890625,0.8390438556671143,0.16932198405265808,0.10274699330329895,2021,629,CA,4.0,1.0,2.0
0.1690487265586853,78671.9140625,28986.17578125,0.8452860713005066,0.1637876331806183,0.10333038121461868,2022,629,CA,4.0,1.0,2.0
0.16938380897045135,80612.0390625,29303.169921875,0.8576381802558899,0.15353861451148987,0.10639381408691406,2023,629,CA,4.0,1.0,2.0
0.1702215075492859,82701.484375,29601.646484375,0.8655416369438171,0.14693236351013184,0.10940936952829361,2024,629,CA,4.0,1.0,2.0
0.17164772748947144,84735.15625,29890.6953125,0.87059485912323,0.14244675636291504,0.11235503107309341,2025,629,CA,4.0,1.0,2.0
0.13469816744327545,78814.53125,21205.314453125,0.5494554042816162,0.4483434855937958,0.10454966127872467,2021,630,CA,4.0,1.0,2.0
0.12763424217700958,75042.75,20481.302734375,0.5530997514724731,0.44442370533943176,0.09898068755865097,2022,630,CA,4.0,1.0,2.0
0.12084587663412094,71449.75,19818.40234375,0.5599490404129028,0.43745142221450806,0.09342720359563828,2023,630,CA,4.0,1.0,2.0
0.11531893163919449,68269.90625,19339.056640625,0.5673758387565613,0.430084228515625,0.08861122280359268,2024,630,CA,4.0,1.0,2.0
0.1106371358036995,65524.53125,19022.904296875,0.5754073262214661,0.42233702540397644,0.08431077748537064,2025,630,CA,4.0,1.0,2.0
0.17974749207496643,89049.7265625,35298.40625,0.7089791297912598,0.29431793093681335,0.11164285987615585,2021,631,CA,4.0,1.0,2.0
0.1748976856470108,89614.2890625,34168.171875,0.715297281742096,0.2877577841281891,0.11168612539768219,2022,631,CA,4.0,1.0,2.0
0.170119971036911,90251.1953125,33250.6953125,0.7257612943649292,0.27721288800239563,0.11184513568878174,2023,631,CA,4.0,1.0,2.0
0.16603884100914001,90861.40625,32497.9375,0.7364879846572876,0.2666414678096771,0.11205249279737473,2024,631,CA,4.0,1.0,2.0
0.16304007172584534,91415.265625,31870.619140625,0.7469571232795715,0.25688937306404114,0.11245962977409363,2025,631,CA,4.0,1.0,2.0
0.1469319760799408,61154.24609375,24736.626953125,0.781538188457489,0.2181951254606247,0.08074725419282913,2021,632,CA,4.0,1.0,2.0
0.14895521104335785,61872.52734375,25713.43359375,0.7930262088775635,0.20741330087184906,0.08126160502433777,2022,632,CA,4.0,1.0,2.0
0.15087199211120605,64339.578125,26685.52734375,0.8123475313186646,0.18985597789287567,0.08380143344402313,2023,632,CA,4.0,1.0,2.0
0.15327897667884827,67035.65625,27512.849609375,0.8290138840675354,0.17554433643817902,0.08682139962911606,2024,632,CA,4.0,1.0,2.0
0.15594017505645752,69727.6328125,28212.283203125,0.8432733416557312,0.16331058740615845,0.08988800644874573,2025,632,CA,4.0,1.0,2.0
0.10154087096452713,62072.15625,14874.5087890625,0.3864295184612274,0.6102924346923828,0.0871095284819603,2021,633,CA,4.0,1.0,2.0
0.0947924479842186,57168.25390625,14365.203125,0.40988409519195557,0.5865072011947632,0.07875286042690277,2022,633,CA,4.0,1.0,2.0
0.08753904700279236,52060.51953125,13562.31640625,0.4270016849040985,0.5679202079772949,0.07118480652570724,2023,633,CA,4.0,1.0,2.0
0.08123523741960526,47061.16796875,12938.46484375,0.44287869334220886,0.5524913668632507,0.06386253982782364,2024,633,CA,4.0,1.0,2.0
0.07614842802286148,42627.1484375,12553.78125,0.4569826126098633,0.5388522744178772,0.05716649442911148,2025,633,CA,4.0,1.0,2.0
0.19357673823833466,106202.8125,29375.318359375,0.8108654618263245,0.1964353322982788,0.14162838459014893,2021,634,CA,4.0,1.0,2.0
0.18847502768039703,103552.25,29028.234375,0.8088569641113281,0.19963474571704865,0.1378825455904007,2022,634,CA,4.0,1.0,2.0
0.18462151288986206,102719.46875,28803.052734375,0.8122313618659973,0.19676943123340607,0.1369694620370865,2023,634,CA,4.0,1.0,2.0
0.1813117414712906,101980.921875,28667.38671875,0.8132684826850891,0.19604821503162384,0.135895773768425,2024,634,CA,4.0,1.0,2.0
0.1783607006072998,100998.5,28531.71484375,0.813090443611145,0.19611190259456635,0.13444016873836517,2025,634,CA,4.0,1.0,2.0
0.16218595206737518,70848.3125,31522.84375,0.7692028880119324,0.23583008348941803,0.09021719545125961,2021,635,CA,4.0,1.0,2.0
0.16402974724769592,72804.703125,31892.703125,0.78331059217453,0.22229373455047607,0.09201090037822723,2022,635,CA,4.0,1.0,2.0
0.16497649252414703,75928.5703125,32226.955078125,0.8017136454582214,0.20525872707366943,0.09533409029245377,2023,635,CA,4.0,1.0,2.0
0.16603364050388336,78642.3671875,32200.708984375,0.8180504441261292,0.1897917538881302,0.0983196347951889,2024,635,CA,4.0,1.0,2.0
0.167434424161911,81326.3125,32239.96875,0.8318768739700317,0.17695888876914978,0.10182412713766098,2025,635,CA,4.0,1.0,2.0
0.20343756675720215,101775.7578125,31550.87890625,0.7849665284156799,0.21988986432552338,0.13484831154346466,2021,636,CA,4.0,1.0,2.0
0.20221935212612152,105539.4375,31981.896484375,0.7948304414749146,0.21062850952148438,0.13905374705791473,2022,636,CA,4.0,1.0,2.0
0.20026475191116333,108013.390625,32007.783203125,0.7984275817871094,0.20761117339134216,0.14208067953586578,2023,636,CA,4.0,1.0,2.0
0.19739730656147003,108897.671875,31814.06640625,0.8006016612052917,0.2061544954776764,0.14295154809951782,2024,636,CA,4.0,1.0,2.0
0.19389328360557556,108712.1328125,31505.25390625,0.8016791939735413,0.20573332905769348,0.14237254858016968,2025,636,CA,4.0,1.0,2.0
0.16146951913833618,97895.921875,24167.681640625,0.6650911569595337,0.334338515996933,0.1278761327266693,2021,637,CA,4.0,1.0,2.0
0.15391680598258972,93915.3828125,23534.20703125,0.6618705987930298,0.33653050661087036,0.1233084499835968,2022,637,CA,4.0,1.0,2.0
0.1459987759590149,89659.1796875,22998.669921875,0.6620261073112488,0.33596470952033997,0.11760108917951584,2023,637,CA,4.0,1.0,2.0
0.13967065513134003,85932.515625,22681.833984375,0.6639471650123596,0.33428382873535156,0.11218705028295517,2024,637,CA,4.0,1.0,2.0
0.1345251351594925,82739.6953125,22532.4453125,0.6669954061508179,0.33180931210517883,0.10736941546201706,2025,637,CA,4.0,1.0,2.0
0.12509211897850037,52711.0703125,21650.53125,0.719119131565094,0.2793201208114624,0.06848760694265366,2021,638,CA,4.0,1.0,2.0
0.12873432040214539,53106.48828125,22842.048828125,0.7268975973129272,0.27116918563842773,0.06867611408233643,2022,638,CA,4.0,1.0,2.0
0.13125552237033844,55155.20703125,23845.1875,0.7439916729927063,0.2542901039123535,0.07037727534770966,2023,638,CA,4.0,1.0,2.0
0.1337338238954544,57533.81640625,24752.728515625,0.7609274387359619,0.23751996457576752,0.07265153527259827,2024,638,CA,4.0,1.0,2.0
0.13687805831432343,59982.01171875,25644.755859375,0.7784945368766785,0.22124283015727997,0.07524389773607254,2025,638,CA,4.0,1.0,2.0
0.11888319998979568,55572.37109375,20299.416015625,0.6184178590774536,0.3797423243522644,0.07448780536651611,2021,639,CA,4.0,1.0,2.0
0.1155683845281601,53688.703125,20031.2421875,0.6185088157653809,0.37889596819877625,0.0715949758887291,2022,639,CA,4.0,1.0,2.0
0.11269233375787735,52998.015625,20028.66796875,0.6272839903831482,0.3701963424682617,0.06956230103969574,2023,639,CA,4.0,1.0,2.0
0.11101900041103363,52815.1484375,20313.607421875,0.6371651291847229,0.3605010509490967,0.0682777464389801,2024,639,CA,4.0,1.0,2.0
0.1104728952050209,53098.48046875,20836.1796875,0.6471073627471924,0.35050639510154724,0.06766396760940552,2025,639,CA,4.0,1.0,2.0
0.20294491946697235,90940.34375,39376.3125,0.8387321829795837,0.1647142618894577,0.11191827803850174,2021,640,CA,4.0,1.0,2.0
0.20751623809337616,96014.921875,39699.07421875,0.8484386205673218,0.1563616394996643,0.11978325247764587,2022,640,CA,4.0,1.0,2.0
0.2115539312362671,102607.1484375,39949.2109375,0.8598936200141907,0.14673659205436707,0.12992288172245026,2023,640,CA,4.0,1.0,2.0
0.21366667747497559,107805.5546875,39709.4921875,0.8639552593231201,0.14388518035411835,0.13823339343070984,2024,640,CA,4.0,1.0,2.0
0.21421262621879578,111622.890625,39178.18359375,0.8643004894256592,0.14427797496318817,0.14456239342689514,2025,640,CA,4.0,1.0,2.0
0.16701523959636688,79313.78125,33224.05859375,0.7521541714668274,0.25248780846595764,0.09873783588409424,2021,641,CA,4.0,1.0,2.0
0.1662302166223526,80559.75,32762.1328125,0.7650935649871826,0.24037757515907288,0.09998784214258194,2022,641,CA,4.0,1.0,2.0
0.1659688651561737,83158.78125,32745.1484375,0.7813066840171814,0.22526967525482178,0.10294472426176071,2023,641,CA,4.0,1.0,2.0
0.16625761985778809,85583.0625,32623.12890625,0.7952559590339661,0.2121315747499466,0.10580198466777802,2024,641,CA,4.0,1.0,2.0
0.1674729585647583,87592.640625,32518.658203125,0.8071503043174744,0.20132514834403992,0.10879258066415787,2025,641,CA,4.0,1.0,2.0
0.129600390791893,65014.67578125,26717.115234375,0.5812721848487854,0.41631433367729187,0.08371316641569138,2021,642,CA,4.0,1.0,2.0
0.12537430226802826,63938.69140625,25158.986328125,0.5870965719223022,0.4105188250541687,0.0818396508693695,2022,642,CA,4.0,1.0,2.0
0.12112335860729218,63549.921875,24256.81640625,0.5973212718963623,0.400646835565567,0.08001680672168732,2023,642,CA,4.0,1.0,2.0
0.11782459914684296,63210.54296875,23679.703125,0.6079146265983582,0.3902033567428589,0.07863999158143997,2024,642,CA,4.0,1.0,2.0
0.11544114351272583,62869.45703125,23289.71484375,0.6184328198432922,0.3797558546066284,0.0776551365852356,2025,642,CA,4.0,1.0,2.0
0.1582932472229004,89568.625,28303.802734375,0.6770480871200562,0.3244636654853821,0.11495056748390198,2021,643,CA,4.0,1.0,2.0
0.15245835483074188,88082.9921875,27298.9765625,0.6783702373504639,0.3222317099571228,0.11288994550704956,2022,643,CA,4.0,1.0,2.0
0.1461329460144043,86198.8671875,26398.46484375,0.6822471022605896,0.31770285964012146,0.10988041013479233,2023,643,CA,4.0,1.0,2.0
0.1410398781299591,84231.140625,25757.625,0.6882665157318115,0.3116573691368103,0.10674576461315155,2024,643,CA,4.0,1.0,2.0
0.13716769218444824,82654.1015625,25416.453125,0.6950746774673462,0.30485454201698303,0.10412013530731201,2025,643,CA,4.0,1.0,2.0
0.19688592851161957,93306.4375,38136.19921875,0.8003606200218201,0.20294871926307678,0.11575889587402344,2021,644,CA,4.0,1.0,2.0
0.19881168007850647,97085.2421875,37967.7421875,0.8103789687156677,0.19419045746326447,0.12089935690164566,2022,644,CA,4.0,1.0,2.0
0.2007080763578415,101738.0625,37880.50390625,0.8207120299339294,0.18537969887256622,0.12748610973358154,2023,644,CA,4.0,1.0,2.0
0.20182457566261292,105627.1171875,37609.76171875,0.8262915015220642,0.18088935315608978,0.1332526057958603,2024,644,CA,4.0,1.0,2.0
0.20246204733848572,108968.0859375,37320.28515625,0.8295033574104309,0.17828704416751862,0.1385296732187271,2025,644,CA,4.0,1.0,2.0
0.10460709780454636,62123.7734375,17645.080078125,0.4701307415962219,0.5272757411003113,0.08142825216054916,2021,645,CA,4.0,1.0,2.0
0.09949241578578949,58166.484375,16683.87890625,0.4779703617095947,0.5185665488243103,0.07719144225120544,2022,645,CA,4.0,1.0,2.0
0.09347598254680634,53963.359375,15815.115234375,0.4909398853778839,0.5055622458457947,0.07154683023691177,2023,645,CA,4.0,1.0,2.0
0.08884550631046295,50666.45703125,15411.2470703125,0.5035863518714905,0.49328091740608215,0.06647343188524246,2024,645,CA,4.0,1.0,2.0
0.08557432144880295,48174.08203125,15276.25,0.5144637823104858,0.48276394605636597,0.06242252141237259,2025,645,CA,4.0,1.0,2.0
0.15572449564933777,71191.9453125,28455.45703125,0.8248776793479919,0.1804967075586319,0.08931714296340942,2021,646,CA,4.0,1.0,2.0
0.1595412790775299,72774.28125,29102.880859375,0.8349351286888123,0.17182278633117676,0.09264577180147171,2022,646,CA,4.0,1.0,2.0
0.16219747066497803,75781.5,29581.927734375,0.8509863615036011,0.15772384405136108,0.09711886197328568,2023,646,CA,4.0,1.0,2.0
0.16443203389644623,78472.1328125,29921.560546875,0.8619619607925415,0.1491270661354065,0.10121557861566544,2024,646,CA,4.0,1.0,2.0
0.16675738990306854,80776.6015625,30188.685546875,0.86943119764328,0.14332430064678192,0.10498102754354477,2025,646,CA,4.0,1.0,2.0
0.1462445855140686,77757.5859375,23722.671875,0.6757583022117615,0.3257654011249542,0.1037193164229393,2021,647,CA,4.0,1.0,2.0
0.14045259356498718,75482.2890625,23198.6953125,0.6768857836723328,0.32361963391304016,0.09982789307832718,2022,647,CA,4.0,1.0,2.0
0.1353480964899063,73655.9296875,22852.80078125,0.6825423240661621,0.31738755106925964,0.09647762030363083,2023,647,CA,4.0,1.0,2.0
0.13173124194145203,72197.3203125,22744.376953125,0.6898381114006042,0.30971595644950867,0.09353499114513397,2024,647,CA,4.0,1.0,2.0
0.1293674260377884,71153.28125,22862.541015625,0.6982438564300537,0.3011198341846466,0.09126580506563187,2025,647,CA,4.0,1.0,2.0
0.1142398864030838,62479.76171875,17621.2265625,0.562232255935669,0.43544015288352966,0.08423616737127304,2021,648,CA,4.0,1.0,2.0
0.11009349673986435,59834.9296875,17603.35546875,0.5674612522125244,0.43049806356430054,0.07989728450775146,2022,648,CA,4.0,1.0,2.0
0.105764240026474,57847.30078125,17506.74609375,0.5749927163124084,0.4232873320579529,0.07614022493362427,2023,648,CA,4.0,1.0,2.0
0.10249949991703033,56141.12109375,17598.025390625,0.5825409293174744,0.41584742069244385,0.07283055782318115,2024,648,CA,4.0,1.0,2.0
0.10024016350507736,54648.3671875,17823.205078125,0.589835524559021,0.40834349393844604,0.0701509341597557,2025,648,CA,4.0,1.0,2.0
0.12210862338542938,63585.734375,21011.205078125,0.5869877338409424,0.4112434685230255,0.08418251574039459,2021,649,CA,4.0,1.0,2.0
0.117181695997715,61732.83984375,20450.28515625,0.5921597480773926,0.40583035349845886,0.08072861284017563,2022,649,CA,4.0,1.0,2.0
0.1130463182926178,60217.125,20110.6171875,0.5998936295509338,0.39811158180236816,0.07785460352897644,2023,649,CA,4.0,1.0,2.0
0.10999894887208939,59074.51953125,20061.109375,0.608073890209198,0.3899776339530945,0.07547248154878616,2024,649,CA,4.0,1.0,2.0
0.10796213150024414,58116.265625,20139.787109375,0.6162272691726685,0.3818552792072296,0.07355315238237381,2025,649,CA,4.0,1.0,2.0
0.13747960329055786,68942.140625,25021.10546875,0.6831668019294739,0.3165266513824463,0.08932293951511383,2021,650,CA,4.0,1.0,2.0
0.13460995256900787,67792.9609375,24416.23828125,0.6874059438705444,0.31176891922950745,0.08730410784482956,2022,650,CA,4.0,1.0,2.0
0.13249270617961884,67873.6328125,24337.80078125,0.6993028521537781,0.29971280694007874,0.08625666797161102,2023,650,CA,4.0,1.0,2.0
0.13162481784820557,68210.359375,24528.259765625,0.7122275829315186,0.2868604063987732,0.08595423400402069,2024,650,CA,4.0,1.0,2.0
0.13177157938480377,68772.828125,24941.30859375,0.7256749868392944,0.2739110291004181,0.08618699014186859,2025,650,CA,4.0,1.0,2.0
0.22450239956378937,108136.9375,41516.46484375,0.7995465993881226,0.20140919089317322,0.13728827238082886,2021,651,CA,4.0,1.0,2.0
0.22186994552612305,110219.6953125,40560.85546875,0.804724395275116,0.19751793146133423,0.14055195450782776,2022,651,CA,4.0,1.0,2.0
0.21952815353870392,113244.1875,39914.33203125,0.809526264667511,0.1935775727033615,0.14515997469425201,2023,651,CA,4.0,1.0,2.0
0.21650195121765137,115306.8828125,39123.42578125,0.8102433085441589,0.19310706853866577,0.14830879867076874,2024,651,CA,4.0,1.0,2.0
0.2131510078907013,116661.4921875,38269.58203125,0.8088150024414062,0.1949489563703537,0.1502051055431366,2025,651,CA,4.0,1.0,2.0
0.11517520248889923,70287.5703125,18102.095703125,0.4361490309238434,0.5615321397781372,0.09578630328178406,2021,652,CA,4.0,1.0,2.0
0.10824307799339294,65498.5859375,17227.8125,0.44884759187698364,0.5479155778884888,0.0882677212357521,2022,652,CA,4.0,1.0,2.0
0.09987638890743256,60271.1640625,16052.505859375,0.46302416920661926,0.5327121615409851,0.08026866614818573,2023,652,CA,4.0,1.0,2.0
0.09345782548189163,55626.96875,15333.2802734375,0.4772784113883972,0.5185150504112244,0.07375524938106537,2024,652,CA,4.0,1.0,2.0
0.08848796784877777,51584.69140625,14944.109375,0.49047741293907166,0.5059469938278198,0.06795404851436615,2025,652,CA,4.0,1.0,2.0
0.13906235992908478,83329.1875,22902.6328125,0.6028518676757812,0.39557597041130066,0.10866265743970871,2021,653,CA,4.0,1.0,2.0
0.1340649574995041,80851.5,22417.822265625,0.6053885817527771,0.3927382528781891,0.10511381924152374,2022,653,CA,4.0,1.0,2.0
0.12854331731796265,78084.796875,21885.462890625,0.6087158918380737,0.3894239664077759,0.10093093663454056,2023,653,CA,4.0,1.0,2.0
0.12370840460062027,75488.8671875,21497.828125,0.6135867834091187,0.38459154963493347,0.09689828008413315,2024,653,CA,4.0,1.0,2.0
0.11972352117300034,72960.53125,21171.166015625,0.6204168796539307,0.3778802156448364,0.09295731037855148,2025,653,CA,4.0,1.0,2.0
0.11992040276527405,76122.0625,21041.21484375,0.6998786926269531,0.299350768327713,0.09549706429243088,2021,801,CO,5.0,1.0,2.0
0.11817974597215652,71303.7890625,21038.66796875,0.6968088746070862,0.30244216322898865,0.08891010284423828,2022,801,CO,5.0,1.0,2.0
0.11807334423065186,69940.7109375,21288.625,0.7065848708152771,0.293184369802475,0.08698561787605286,2023,801,CO,5.0,1.0,2.0
0.1191839650273323,69872.1875,21772.908203125,0.7171713709831238,0.2831772267818451,0.08688421547412872,2024,801,CO,5.0,1.0,2.0
0.12098712474107742,69902.4609375,22265.876953125,0.7262521386146545,0.27424582839012146,0.0871964618563652,2025,801,CO,5.0,1.0,2.0
0.09987778961658478,66254.3828125,16587.123046875,0.49368858337402344,0.5034516453742981,0.0866142213344574,2021,802,CO,5.0,1.0,2.0
0.09391304850578308,59932.85546875,16057.26171875,0.49417296051979065,0.5020439624786377,0.07748528569936752,2022,802,CO,5.0,1.0,2.0
0.08951997756958008,55604.25,15657.34765625,0.5045596957206726,0.4916420578956604,0.07193400710821152,2023,802,CO,5.0,1.0,2.0
0.08723907172679901,52757.57421875,15566.2431640625,0.5170068740844727,0.4792754650115967,0.068544901907444,2024,802,CO,5.0,1.0,2.0
0.08617293834686279,50812.46484375,15591.0390625,0.5289343595504761,0.4673568308353424,0.06608053296804428,2025,802,CO,5.0,1.0,2.0
0.1545618176460266,80982.046875,26418.779296875,0.7440179586410522,0.255397766828537,0.10512285679578781,2021,803,CO,5.0,1.0,2.0
0.1483045071363449,76834.6875,26057.22265625,0.7473524808883667,0.252471923828125,0.09892337024211884,2022,803,CO,5.0,1.0,2.0
0.14484144747257233,75548.53125,25963.703125,0.7568123936653137,0.24358850717544556,0.09646087139844894,2023,803,CO,5.0,1.0,2.0
0.14322051405906677,75228.328125,25939.521484375,0.7664955854415894,0.2346864938735962,0.09564779698848724,2024,803,CO,5.0,1.0,2.0
0.14265403151512146,75159.2109375,25909.439453125,0.7743616104125977,0.22727815806865692,0.09550027549266815,2025,803,CO,5.0,1.0,2.0
0.11515255272388458,62902.46484375,23497.5,0.6167505979537964,0.3806403875350952,0.07656271755695343,2021,804,CO,5.0,1.0,2.0
0.11140410602092743,59403.25390625,22888.671875,0.6182428002357483,0.37902456521987915,0.07243271172046661,2022,804,CO,5.0,1.0,2.0
0.1095743179321289,58820.82421875,22644.26171875,0.6285542249679565,0.3688803017139435,0.07182367146015167,2023,804,CO,5.0,1.0,2.0
0.10929899662733078,59279.41015625,22574.88671875,0.6393567323684692,0.3579919636249542,0.07255837321281433,2024,804,CO,5.0,1.0,2.0
0.11006011068820953,59994.69921875,22543.123046875,0.6490848064422607,0.3484162390232086,0.07380275428295135,2025,804,CO,5.0,1.0,2.0
0.1432645618915558,84626.609375,26980.373046875,0.6172654032707214,0.3816353678703308,0.10620839893817902,2021,805,CO,5.0,1.0,2.0
0.1332414597272873,79597.4609375,25199.6796875,0.6151548027992249,0.38335105776786804,0.09977011382579803,2022,805,CO,5.0,1.0,2.0
0.1271076649427414,76893.328125,24141.896484375,0.6199852228164673,0.3789367973804474,0.09617944061756134,2023,805,CO,5.0,1.0,2.0
0.12323122471570969,75204.59375,23369.712890625,0.6263008713722229,0.3724810481071472,0.09396564215421677,2024,805,CO,5.0,1.0,2.0
0.12086930871009827,73847.4609375,22837.115234375,0.6329953670501709,0.36535462737083435,0.09245142340660095,2025,805,CO,5.0,1.0,2.0
0.10289090871810913,62628.34375,20881.283203125,0.5728895664215088,0.4250909090042114,0.07665160298347473,2021,806,CO,5.0,1.0,2.0
0.09896817803382874,58608.9375,19916.30859375,0.5701477527618408,0.4272938668727875,0.07222462445497513,2022,806,CO,5.0,1.0,2.0
0.0968862995505333,56918.84375,19426.12109375,0.5788320302963257,0.41851428151130676,0.07028155028820038,2023,806,CO,5.0,1.0,2.0
0.096450574696064,56400.21484375,19283.453125,0.58916836977005,0.4082009792327881,0.06970907002687454,2024,806,CO,5.0,1.0,2.0
0.09689474105834961,56268.4921875,19302.732421875,0.5990750193595886,0.3983156085014343,0.06964970380067825,2025,806,CO,5.0,1.0,2.0
0.11747843027114868,61666.4609375,21826.337890625,0.7153341174125671,0.2832963466644287,0.07510071247816086,2021,807,CO,5.0,1.0,2.0
0.11868792772293091,59154.8046875,22315.75,0.7165690064430237,0.2812083959579468,0.07249552011489868,2022,807,CO,5.0,1.0,2.0
0.12132270634174347,60106.11328125,23041.779296875,0.7331259250640869,0.2653609812259674,0.07358840852975845,2023,807,CO,5.0,1.0,2.0
0.12489589303731918,62101.28125,23850.896484375,0.7495368123054504,0.2495017796754837,0.07615925371646881,2024,807,CO,5.0,1.0,2.0
0.1285509467124939,64040.48828125,24471.5859375,0.7627628445625305,0.23664361238479614,0.07891318202018738,2025,807,CO,5.0,1.0,2.0
0.15056709945201874,84904.5234375,24123.35546875,0.6855374574661255,0.3137975037097931,0.11127648502588272,2021,901,CT,6.0,1.0,2.0
0.1429162472486496,81782.7109375,23614.091796875,0.6930330991744995,0.306772917509079,0.10665860027074814,2022,901,CT,6.0,1.0,2.0
0.1379435509443283,79280.3671875,23436.470703125,0.6990906596183777,0.30104151368141174,0.10302409529685974,2023,901,CT,6.0,1.0,2.0
0.13421806693077087,77025.9296875,23299.48046875,0.7044053673744202,0.2958008944988251,0.09963756054639816,2024,901,CT,6.0,1.0,2.0
0.13160979747772217,75209.8046875,23229.123046875,0.7103758454322815,0.28964149951934814,0.09660204499959946,2025,901,CT,6.0,1.0,2.0
0.13552558422088623,74268.9765625,19163.703125,0.5693019032478333,0.4294738471508026,0.10172320902347565,2021,902,CT,6.0,1.0,2.0
0.1270095854997635,71185.3203125,19031.033203125,0.5775402784347534,0.42148900032043457,0.09595456719398499,2022,902,CT,6.0,1.0,2.0
0.12052563577890396,68191.3359375,18867.904296875,0.5812890529632568,0.41762450337409973,0.09065023064613342,2023,902,CT,6.0,1.0,2.0
0.11504913866519928,65289.578125,18684.62890625,0.5855143666267395,0.41323742270469666,0.08576101064682007,2024,902,CT,6.0,1.0,2.0
0.11057233065366745,62616.77734375,18531.3046875,0.5910276174545288,0.4076351821422577,0.08148204535245895,2025,902,CT,6.0,1.0,2.0
0.15295912325382233,88719.625,22713.5078125,0.6269330382347107,0.3713703751564026,0.11834459006786346,2021,903,CT,6.0,1.0,2.0
0.1442856341600418,85660.3203125,22305.505859375,0.6315986514091492,0.36696845293045044,0.11356949061155319,2022,903,CT,6.0,1.0,2.0
0.137418732047081,81969.8046875,21856.3515625,0.6333335638046265,0.3655208945274353,0.10800843685865402,2023,903,CT,6.0,1.0,2.0
0.1314501166343689,78503.28125,21498.56640625,0.6352607607841492,0.36357876658439636,0.10288142412900925,2024,903,CT,6.0,1.0,2.0
0.12637083232402802,75333.390625,21222.23046875,0.6388370394706726,0.3600756824016571,0.09797661751508713,2025,903,CT,6.0,1.0,2.0
0.1367855966091156,80952.078125,23675.451171875,0.6247363686561584,0.37476542592048645,0.10389299690723419,2021,904,CT,6.0,1.0,2.0
0.13045528531074524,77777.65625,22997.9609375,0.6320457458496094,0.367604523897171,0.09942144900560379,2022,904,CT,6.0,1.0,2.0
0.12595945596694946,75586.140625,22581.283203125,0.637722909450531,0.36179059743881226,0.09617742896080017,2023,904,CT,6.0,1.0,2.0
0.12229122966527939,73494.4765625,22206.369140625,0.6434221863746643,0.35578393936157227,0.09309806674718857,2024,904,CT,6.0,1.0,2.0
0.11955931782722473,71824.890625,21989.66796875,0.6491038203239441,0.3500206768512726,0.09067000448703766,2025,904,CT,6.0,1.0,2.0
0.1435369849205017,75340.5078125,23260.681640625,0.6987979412078857,0.30153319239616394,0.09895715117454529,2021,905,CT,6.0,1.0,2.0
0.1376633197069168,72062.0625,22844.55859375,0.7044304013252258,0.29567238688468933,0.09436045587062836,2022,905,CT,6.0,1.0,2.0
0.1342972368001938,70242.5546875,22799.28125,0.7146403193473816,0.285312682390213,0.09139404445886612,2023,905,CT,6.0,1.0,2.0
0.1324654072523117,69319.8203125,23036.4609375,0.7242065668106079,0.2756544351577759,0.08977906405925751,2024,905,CT,6.0,1.0,2.0
0.13165852427482605,68733.1875,23296.759765625,0.7342177033424377,0.2655546963214874,0.08827926963567734,2025,905,CT,6.0,1.0,2.0
0.17566145956516266,117621.3046875,34329.66796875,0.6933457851409912,0.3096082806587219,0.14127327501773834,2021,1000,DE,8.0,1.0,2.0
0.1699696034193039,115143.890625,33158.58984375,0.6938677430152893,0.30949705839157104,0.13837997615337372,2022,1000,DE,8.0,1.0,2.0
0.16588443517684937,112846.0859375,32293.4609375,0.6938400268554688,0.309774249792099,0.13580720126628876,2023,1000,DE,8.0,1.0,2.0
0.16179919242858887,110035.2890625,31267.884765625,0.693736732006073,0.30964934825897217,0.1328858733177185,2024,1000,DE,8.0,1.0,2.0
0.15784746408462524,107424.0546875,30345.865234375,0.6943396925926208,0.30904847383499146,0.13046281039714813,2025,1000,DE,8.0,1.0,2.0
0.1788518726825714,74980.8828125,23649.453125,0.7264857888221741,0.27352073788642883,0.10977944731712341,2021,1198,DC,7.0,1.0,2.0
0.1677538901567459,71274.078125,23103.22265625,0.7303135395050049,0.2694315016269684,0.10308708250522614,2022,1198,DC,7.0,1.0,2.0
0.15921063721179962,68874.578125,22823.341796875,0.7360456585884094,0.2635335624217987,0.09810426086187363,2023,1198,DC,7.0,1.0,2.0
0.15267616510391235,67092.59375,22739.802734375,0.7429895997047424,0.2565540671348572,0.09401906281709671,2024,1198,DC,7.0,1.0,2.0
0.14814375340938568,65918.8046875,22846.087890625,0.7508717179298401,0.24855077266693115,0.09112405776977539,2025,1198,DC,7.0,1.0,2.0
0.1904745250940323,106766.453125,31836.6796875,0.641873836517334,0.35734209418296814,0.13581371307373047,2021,1201,FL,9.0,1.0,2.0
0.17909041047096252,104602.0390625,30238.521484375,0.6414355039596558,0.3575379550457001,0.13212135434150696,2022,1201,FL,9.0,1.0,2.0
0.16969245672225952,101578.984375,28744.75390625,0.6389341950416565,0.36143457889556885,0.12819220125675201,2023,1201,FL,9.0,1.0,2.0
0.16064788401126862,98072.5859375,27317.580078125,0.638334333896637,0.3614940345287323,0.12435444444417953,2024,1201,FL,9.0,1.0,2.0
0.15273912250995636,94612.40625,26049.841796875,0.6384294629096985,0.360837459564209,0.12086709588766098,2025,1201,FL,9.0,1.0,2.0
0.2063317447900772,111698.9140625,30837.791015625,0.692967414855957,0.305453896522522,0.1475602090358734,2021,1202,FL,9.0,1.0,2.0
0.19208525121212006,107746.3828125,29094.330078125,0.6918349266052246,0.30683866143226624,0.14020393788814545,2022,1202,FL,9.0,1.0,2.0
0.18094412982463837,104325.7421875,27657.20703125,0.6886335015296936,0.3114292621612549,0.13541975617408752,2023,1202,FL,9.0,1.0,2.0
0.1711076945066452,100951.78125,26388.171875,0.6856077909469604,0.31448519229888916,0.13106997311115265,2024,1202,FL,9.0,1.0,2.0
0.16199877858161926,97152.09375,25252.43359375,0.6843966841697693,0.3151521384716034,0.12657079100608826,2025,1202,FL,9.0,1.0,2.0
0.20646174252033234,117175.1328125,32210.056640625,0.6768732666969299,0.3221677243709564,0.1523153930902481,2021,1203,FL,9.0,1.0,2.0
0.1938372552394867,114053.21875,30558.923828125,0.6706846952438354,0.3269485831260681,0.1460438072681427,2022,1203,FL,9.0,1.0,2.0
0.18199214339256287,110310.4140625,29062.080078125,0.6661697030067444,0.3320462107658386,0.1400071680545807,2023,1203,FL,9.0,1.0,2.0
0.1721585988998413,106689.7578125,27739.390625,0.6639387607574463,0.3360348045825958,0.13506977260112762,2024,1203,FL,9.0,1.0,2.0
0.163826122879982,102847.71875,26548.2109375,0.6628168821334839,0.3371201753616333,0.13066557049751282,2025,1203,FL,9.0,1.0,2.0
0.14798498153686523,86623.984375,24319.216796875,0.5282870531082153,0.4696250259876251,0.11408811807632446,2021,1204,FL,9.0,1.0,2.0
0.13908356428146362,82672.6796875,22907.78515625,0.5307080149650574,0.46702519059181213,0.10914412885904312,2022,1204,FL,9.0,1.0,2.0
0.12963025271892548,77671.5546875,21518.34765625,0.5366294980049133,0.4609484076499939,0.10194648057222366,2023,1204,FL,9.0,1.0,2.0
0.12181743234395981,73147.3046875,20385.22265625,0.5438311696052551,0.4536359906196594,0.09536481648683548,2024,1204,FL,9.0,1.0,2.0
0.11583707481622696,69412.453125,19592.537109375,0.5511938333511353,0.4462549388408661,0.09020694345235825,2025,1204,FL,9.0,1.0,2.0
0.21967533230781555,139372.203125,37888.3125,0.6605846285820007,0.3419184386730194,0.1861802339553833,2021,1205,FL,9.0,1.0,2.0
0.2026485949754715,130989.703125,35099.62109375,0.6459384560585022,0.3558039665222168,0.17033785581588745,2022,1205,FL,9.0,1.0,2.0
0.1879972368478775,121520.2421875,32574.958984375,0.6260311007499695,0.37407127022743225,0.15351353585720062,2023,1205,FL,9.0,1.0,2.0
0.17791974544525146,114348.0078125,30615.453125,0.6145895719528198,0.3847395181655884,0.1421077847480774,2024,1205,FL,9.0,1.0,2.0
0.17071816325187683,109233.6015625,29216.7890625,0.6106314063072205,0.38873016834259033,0.1355249285697937,2025,1205,FL,9.0,1.0,2.0
0.18131934106349945,100037.8515625,25680.064453125,0.6700930595397949,0.32990193367004395,0.13328740000724792,2021,1206,FL,9.0,1.0,2.0
0.1707923263311386,97038.3984375,24662.828125,0.6725027561187744,0.32774895429611206,0.12907390296459198,2022,1206,FL,9.0,1.0,2.0
0.16097557544708252,93523.9140625,23735.828125,0.6696318984031677,0.32971635460853577,0.1246892586350441,2023,1206,FL,9.0,1.0,2.0
0.15209069848060608,89468.6640625,22965.7109375,0.6674686074256897,0.33127036690711975,0.11940959841012955,2024,1206,FL,9.0,1.0,2.0
0.14418771862983704,85184.40625,22366.591796875,0.6683045029640198,0.33045342564582825,0.11319153755903244,2025,1206,FL,9.0,1.0,2.0
0.1554652452468872,89005.1875,24025.638671875,0.6006237268447876,0.39816445112228394,0.11799126863479614,2021,1207,FL,9.0,1.0,2.0
0.14566974341869354,85135.046875,22929.681640625,0.6006742715835571,0.3984241783618927,0.11267897486686707,2022,1207,FL,9.0,1.0,2.0
0.13692359626293182,80926.4140625,21970.392578125,0.6030778288841248,0.3955368101596832,0.1066584587097168,2023,1207,FL,9.0,1.0,2.0
0.12985150516033173,77250.875,21298.767578125,0.606991171836853,0.39172983169555664,0.10118778795003891,2024,1207,FL,9.0,1.0,2.0
0.12417952716350555,74122.0546875,20802.541015625,0.6110625267028809,0.3875681459903717,0.09643983095884323,2025,1207,FL,9.0,1.0,2.0
0.17588727176189423,93971.7890625,24179.060546875,0.6290949583053589,0.3709757924079895,0.12801824510097504,2021,1208,FL,9.0,1.0,2.0
0.16445253789424896,90876.546875,23226.85546875,0.6284889578819275,0.37083661556243896,0.12324746698141098,2022,1208,FL,9.0,1.0,2.0
0.1534712165594101,86867.2265625,22376.59765625,0.6263877153396606,0.3726176917552948,0.11755311489105225,2023,1208,FL,9.0,1.0,2.0
0.143945574760437,82566.7265625,21648.828125,0.6263237595558167,0.3727889060974121,0.11102637648582458,2024,1208,FL,9.0,1.0,2.0
0.13592424988746643,78514.6953125,21085.46484375,0.6287976503372192,0.37034469842910767,0.1046648621559143,2025,1208,FL,9.0,1.0,2.0
0.19213642179965973,108596.765625,36479.25390625,0.7753913998603821,0.2308708131313324,0.13404886424541473,2021,1209,FL,9.0,1.0,2.0
0.19184906780719757,109747.3203125,35836.23046875,0.7793030738830566,0.22785544395446777,0.13622212409973145,2022,1209,FL,9.0,1.0,2.0
0.19025550782680511,111147.2734375,35241.48828125,0.7825425267219543,0.22515535354614258,0.13876159489154816,2023,1209,FL,9.0,1.0,2.0
0.1877070516347885,111324.8125,34387.26171875,0.782913863658905,0.22505995631217957,0.1396893858909607,2024,1209,FL,9.0,1.0,2.0
0.18498753011226654,111222.6171875,33595.65625,0.7831540703773499,0.22489231824874878,0.14011405408382416,2025,1209,FL,9.0,1.0,2.0
0.19208265841007233,118865.2109375,36643.50390625,0.6767480373382568,0.324143648147583,0.14486391842365265,2021,1210,FL,9.0,1.0,2.0
0.18625101447105408,118497.359375,35431.66796875,0.679288923740387,0.32124796509742737,0.14390742778778076,2022,1210,FL,9.0,1.0,2.0
0.17982980608940125,116398.5703125,34261.16015625,0.6760236024856567,0.3244819939136505,0.14069534838199615,2023,1210,FL,9.0,1.0,2.0
0.17302745580673218,113277.1328125,32858.046875,0.674453854560852,0.3268285095691681,0.13683566451072693,2024,1210,FL,9.0,1.0,2.0
0.16684496402740479,110423.9453125,31566.060546875,0.6755549311637878,0.32645928859710693,0.13348248600959778,2025,1210,FL,9.0,1.0,2.0
0.22244073450565338,113029.609375,27836.328125,0.7763069868087769,0.22404958307743073,0.16132043302059174,2021,1211,FL,9.0,1.0,2.0
0.21137042343616486,110986.015625,26974.908203125,0.778314471244812,0.22385117411613464,0.15605776011943817,2022,1211,FL,9.0,1.0,2.0
0.202724426984787,108882.9296875,26392.564453125,0.77706378698349,0.2263678014278412,0.1516648381948471,2023,1211,FL,9.0,1.0,2.0
0.19450992345809937,106371.8671875,25813.5703125,0.7753979563713074,0.2289677858352661,0.1471952497959137,2024,1211,FL,9.0,1.0,2.0
0.18573026359081268,103161.5,25127.35546875,0.772641658782959,0.23180897533893585,0.14183343946933746,2025,1211,FL,9.0,1.0,2.0
0.17919248342514038,98398.9375,27907.763671875,0.6328977942466736,0.36769700050354004,0.1282537430524826,2021,1212,FL,9.0,1.0,2.0
0.16659459471702576,93955.203125,26283.638671875,0.6318714618682861,0.3678775727748871,0.12270929664373398,2022,1212,FL,9.0,1.0,2.0
0.15554934740066528,89473.6328125,24831.3046875,0.6328539252281189,0.3664040267467499,0.11748526990413666,2023,1212,FL,9.0,1.0,2.0
0.14644120633602142,85480.1015625,23685.876953125,0.6342299580574036,0.36555221676826477,0.11222530901432037,2024,1212,FL,9.0,1.0,2.0
0.1389552801847458,81977.765625,22867.814453125,0.6359236240386963,0.3633613884449005,0.10736247897148132,2025,1212,FL,9.0,1.0,2.0
0.18152253329753876,99318.609375,22557.189453125,0.6438607573509216,0.35538557171821594,0.13702800869941711,2021,1213,FL,9.0,1.0,2.0
0.16955603659152985,96204.796875,21959.85546875,0.6429715156555176,0.3563341498374939,0.1314447522163391,2022,1213,FL,9.0,1.0,2.0
0.15861906111240387,91437.5625,21358.58984375,0.6381045579910278,0.3602500557899475,0.12482042610645294,2023,1213,FL,9.0,1.0,2.0
0.14856591820716858,86129.4453125,20891.236328125,0.6360082626342773,0.3617148995399475,0.11738748103380203,2024,1213,FL,9.0,1.0,2.0
0.14018972218036652,81418.78125,20545.677734375,0.6361200213432312,0.36240723729133606,0.11028504371643066,2025,1213,FL,9.0,1.0,2.0
0.18120810389518738,108372.7578125,30772.3359375,0.6488311290740967,0.3496246635913849,0.1359555572271347,2021,1214,FL,9.0,1.0,2.0
0.17237907648086548,105546.1796875,29336.8359375,0.6471834778785706,0.3526187241077423,0.1322459727525711,2022,1214,FL,9.0,1.0,2.0
0.16375313699245453,102315.0390625,27971.451171875,0.6460729241371155,0.3543599247932434,0.1284734010696411,2023,1214,FL,9.0,1.0,2.0
0.15572589635849,98663.78125,26737.6015625,0.6466137766838074,0.35296282172203064,0.1247478649020195,2024,1214,FL,9.0,1.0,2.0
0.1485540270805359,94893.21875,25650.423828125,0.6477932929992676,0.3512861132621765,0.12077268958091736,2025,1214,FL,9.0,1.0,2.0
0.18371592462062836,104660.1328125,32690.4453125,0.7056049108505249,0.29657381772994995,0.13089704513549805,2021,1215,FL,9.0,1.0,2.0
0.1777295470237732,104939.5234375,31896.2890625,0.7134832739830017,0.2893972098827362,0.13082917034626007,2022,1215,FL,9.0,1.0,2.0
0.17147651314735413,104545.515625,31072.39453125,0.7162226438522339,0.2867928445339203,0.13001583516597748,2023,1215,FL,9.0,1.0,2.0
0.16511988639831543,103121.734375,30089.3671875,0.7184760570526123,0.2843688130378723,0.128102645277977,2024,1215,FL,9.0,1.0,2.0
0.15925920009613037,101113.3359375,29090.27734375,0.7202622294425964,0.28194206953048706,0.1259068101644516,2025,1215,FL,9.0,1.0,2.0
0.17269763350486755,96402.0625,26786.630859375,0.6757946014404297,0.3243577778339386,0.12686365842819214,2021,1216,FL,9.0,1.0,2.0
0.16236679255962372,93061.359375,25704.9375,0.6753872036933899,0.3244050145149231,0.12231419235467911,2022,1216,FL,9.0,1.0,2.0
0.1531662493944168,89648.6484375,24820.248046875,0.676556408405304,0.3224725127220154,0.11748424917459488,2023,1216,FL,9.0,1.0,2.0
0.14542074501514435,86409.359375,24103.35546875,0.6800553798675537,0.3193705379962921,0.11249726265668869,2024,1216,FL,9.0,1.0,2.0
0.13930220901966095,83202.0390625,23506.4296875,0.683375895023346,0.31629496812820435,0.10803091526031494,2025,1216,FL,9.0,1.0,2.0
0.2129412293434143,108665.25,30380.701171875,0.7807425856590271,0.22162342071533203,0.1489986777305603,2021,1217,FL,9.0,1.0,2.0
0.20368845760822296,107000.5,29335.66796875,0.7819951176643372,0.22172178328037262,0.14543384313583374,2022,1217,FL,9.0,1.0,2.0
0.19550739228725433,104844.5234375,28558.080078125,0.7838032841682434,0.22135859727859497,0.14184676110744476,2023,1217,FL,9.0,1.0,2.0
0.18815603852272034,102425.75,27848.1171875,0.7856292128562927,0.220450296998024,0.13823354244232178,2024,1217,FL,9.0,1.0,2.0
0.1812281310558319,100167.21875,27236.158203125,0.786502480506897,0.21980874240398407,0.1349504441022873,2025,1217,FL,9.0,1.0,2.0
0.1536327451467514,85850.21875,21995.458984375,0.597111165523529,0.4012226164340973,0.11729070544242859,2021,1218,FL,9.0,1.0,2.0
0.14527854323387146,83193.28125,21502.22265625,0.6025295853614807,0.3961884677410126,0.11256679147481918,2022,1218,FL,9.0,1.0,2.0
0.13706524670124054,79777.15625,20979.447265625,0.601791501045227,0.39672335982322693,0.1070079505443573,2023,1218,FL,9.0,1.0,2.0
0.12962956726551056,75884.3671875,20440.005859375,0.6035284399986267,0.3952864110469818,0.10084154456853867,2024,1218,FL,9.0,1.0,2.0
0.12339253723621368,72336.859375,20008.736328125,0.6075094938278198,0.3911929130554199,0.09511251002550125,2025,1218,FL,9.0,1.0,2.0
0.16825182735919952,90178.796875,23197.654296875,0.7070735096931458,0.2931857705116272,0.12394611537456512,2021,1219,FL,9.0,1.0,2.0
0.15916985273361206,86352.9375,22609.77734375,0.7084684371948242,0.29144740104675293,0.11856365948915482,2022,1219,FL,9.0,1.0,2.0
0.15102435648441315,82952.6875,22220.02734375,0.7106691002845764,0.28901180624961853,0.11315388977527618,2023,1219,FL,9.0,1.0,2.0
0.1443004161119461,79776.8046875,21993.873046875,0.7139255404472351,0.28592991828918457,0.10777942091226578,2024,1219,FL,9.0,1.0,2.0
0.13895830512046814,76781.9765625,21860.384765625,0.718630313873291,0.2816688120365143,0.10276942700147629,2025,1219,FL,9.0,1.0,2.0
0.20054826140403748,130726.265625,36959.171875,0.6397939324378967,0.3620048761367798,0.16742223501205444,2021,1220,FL,9.0,1.0,2.0
0.1895458996295929,126328.75,34932.66015625,0.6351708769798279,0.36657586693763733,0.15827755630016327,2022,1220,FL,9.0,1.0,2.0
0.1804327666759491,119609.734375,33217.98046875,0.6193288564682007,0.38128992915153503,0.1467888057231903,2023,1220,FL,9.0,1.0,2.0
0.17231504619121552,113410.8515625,31481.734375,0.6130433678627014,0.38703492283821106,0.13799862563610077,2024,1220,FL,9.0,1.0,2.0
0.16567832231521606,108518.703125,30003.623046875,0.6109508275985718,0.38836103677749634,0.1328137218952179,2025,1220,FL,9.0,1.0,2.0
0.16084933280944824,86846.78125,24735.228515625,0.6574960947036743,0.34212929010391235,0.11573095619678497,2021,1221,FL,9.0,1.0,2.0
0.15073822438716888,83018.2421875,23717.2421875,0.6603436470031738,0.33972710371017456,0.11041595786809921,2022,1221,FL,9.0,1.0,2.0
0.1425592005252838,79503.7890625,22904.267578125,0.6630173921585083,0.33741751313209534,0.10552164912223816,2023,1221,FL,9.0,1.0,2.0
0.13588693737983704,76348.4375,22270.24609375,0.6651579141616821,0.3349779546260834,0.10094964504241943,2024,1221,FL,9.0,1.0,2.0
0.13054750859737396,73650.171875,21815.4140625,0.6693854331970215,0.3305043876171112,0.09650630503892899,2025,1221,FL,9.0,1.0,2.0
0.1471637338399887,82308.9609375,20561.13671875,0.5742315053939819,0.42444753646850586,0.11327946931123734,2021,1222,FL,9.0,1.0,2.0
0.13898803293704987,79114.796875,20271.009765625,0.5764426589012146,0.4218460023403168,0.10786698013544083,2022,1222,FL,9.0,1.0,2.0
0.13076208531856537,75045.28125,19798.88671875,0.5774625539779663,0.4208526909351349,0.10123716294765472,2023,1222,FL,9.0,1.0,2.0
0.12349521368741989,71209.265625,19361.3359375,0.581322968006134,0.41668668389320374,0.09484753012657166,2024,1222,FL,9.0,1.0,2.0
0.11753837764263153,67758.359375,18970.97265625,0.5863007307052612,0.41189104318618774,0.08933461457490921,2025,1222,FL,9.0,1.0,2.0
0.13997434079647064,73524.1015625,22409.322265625,0.5709733366966248,0.4281863570213318,0.09849287569522858,2021,1223,FL,9.0,1.0,2.0
0.13133832812309265,70001.03125,21520.458984375,0.5752295851707458,0.42374518513679504,0.0928780809044838,2022,1223,FL,9.0,1.0,2.0
0.12396302819252014,67267.1484375,20783.724609375,0.5790418386459351,0.41954323649406433,0.08835931122303009,2023,1223,FL,9.0,1.0,2.0
0.11767005920410156,64704.375,20105.955078125,0.5844237208366394,0.41417357325553894,0.08430180698633194,2024,1223,FL,9.0,1.0,2.0
0.11276834458112717,62406.8671875,19598.322265625,0.5902466177940369,0.4083738923072815,0.0809611976146698,2025,1223,FL,9.0,1.0,2.0
0.200225830078125,121713.5625,35219.58984375,0.6432336568832397,0.3577159643173218,0.15572451055049896,2021,1224,FL,9.0,1.0,2.0
0.18720631301403046,116389.9765625,33037.19921875,0.6371675729751587,0.362307071685791,0.14481745660305023,2022,1224,FL,9.0,1.0,2.0
0.17821639776229858,111705.2265625,31433.71875,0.6290124654769897,0.370272696018219,0.13796506822109222,2023,1224,FL,9.0,1.0,2.0
0.17096690833568573,107599.6328125,29993.44140625,0.6243561506271362,0.37510785460472107,0.13318102061748505,2024,1224,FL,9.0,1.0,2.0
0.16352498531341553,104000.0546875,28621.185546875,0.6244115829467773,0.37581774592399597,0.129433736205101,2025,1224,FL,9.0,1.0,2.0
0.1621781885623932,67837.078125,25185.662109375,0.8227953910827637,0.1809089183807373,0.09183201193809509,2021,1225,FL,9.0,1.0,2.0
0.16323861479759216,67953.15625,26282.55859375,0.8364382982254028,0.16905026137828827,0.09216970205307007,2022,1225,FL,9.0,1.0,2.0
0.1638103425502777,70804.5859375,27169.05859375,0.8546473979949951,0.15327635407447815,0.0954466313123703,2023,1225,FL,9.0,1.0,2.0
0.16403624415397644,73276.265625,27648.404296875,0.8663782477378845,0.14283975958824158,0.09840251505374908,2024,1225,FL,9.0,1.0,2.0
0.1640222817659378,74865.09375,27818.130859375,0.8722503781318665,0.13819004595279694,0.10032542049884796,2025,1225,FL,9.0,1.0,2.0
0.16302303969860077,67429.171875,27912.408203125,0.7898824214935303,0.21258537471294403,0.08999450504779816,2021,1226,FL,9.0,1.0,2.0
0.16297505795955658,67163.484375,28578.29296875,0.8030446171760559,0.20026060938835144,0.08940812945365906,2022,1226,FL,9.0,1.0,2.0
0.16216705739498138,68920.6328125,28917.171875,0.8209313750267029,0.18362675607204437,0.09082025289535522,2023,1226,FL,9.0,1.0,2.0
0.16146737337112427,70658.4140625,28931.99609375,0.8351277112960815,0.17059150338172913,0.09213656187057495,2024,1226,FL,9.0,1.0,2.0
0.16161900758743286,72520.640625,28921.984375,0.8477610945701599,0.15916575491428375,0.09434376657009125,2025,1226,FL,9.0,1.0,2.0
0.13667789101600647,63571.80078125,19887.486328125,0.757061243057251,0.24261416494846344,0.08610574156045914,2021,1227,FL,9.0,1.0,2.0
0.13837780058383942,61337.5703125,20973.783203125,0.7627133727073669,0.23686091601848602,0.08371911942958832,2022,1227,FL,9.0,1.0,2.0
0.1386963129043579,61816.203125,21885.33203125,0.7779099345207214,0.22142408788204193,0.08391214907169342,2023,1227,FL,9.0,1.0,2.0
0.13913726806640625,62677.10546875,22695.94921875,0.7915114164352417,0.20798206329345703,0.08399765193462372,2024,1227,FL,9.0,1.0,2.0
0.14017772674560547,63545.9765625,23384.591796875,0.8029496669769287,0.19740720093250275,0.08415603637695312,2025,1227,FL,9.0,1.0,2.0
0.17840982973575592,98103.78125,30903.748046875,0.691562831401825,0.3096420168876648,0.13027334213256836,2021,1301,GA,10.0,0.0,0.0
0.16575179994106293,92113.34375,28934.818359375,0.6848833560943604,0.31553006172180176,0.12199975550174713,2022,1301,GA,10.0,0.0,0.0
0.15407484769821167,86588.1796875,27206.162109375,0.6809423565864563,0.31918865442276,0.11404941231012344,2023,1301,GA,10.0,0.0,0.0
0.14381662011146545,81070.46875,25766.802734375,0.6776552796363831,0.3217393159866333,0.10633288323879242,2024,1301,GA,10.0,0.0,0.0
0.13549840450286865,75770.9765625,24659.185546875,0.6746102571487427,0.32438743114471436,0.09910888224840164,2025,1301,GA,10.0,0.0,0.0
0.2483711987733841,130584.421875,38919.90625,0.6792480945587158,0.3248283863067627,0.18922075629234314,2021,1302,GA,10.0,0.0,0.0
0.2265886515378952,120818.6875,35130.51171875,0.6589826941490173,0.341666579246521,0.17320314049720764,2022,1302,GA,10.0,0.0,0.0
0.2062116116285324,110962.21875,31970.396484375,0.638881266117096,0.3594474792480469,0.1561405509710312,2023,1302,GA,10.0,0.0,0.0
0.18739302456378937,102453.1171875,29308.787109375,0.6255708932876587,0.37496429681777954,0.14043094217777252,2024,1302,GA,10.0,0.0,0.0
0.17114832997322083,94523.4609375,27085.1484375,0.6147189736366272,0.3871006965637207,0.12905460596084595,2025,1302,GA,10.0,0.0,0.0
0.14670522511005402,78130.9375,25818.69921875,0.6676113605499268,0.3333716094493866,0.10367797315120697,2021,1303,GA,10.0,0.0,0.0
0.13610351085662842,71176.2109375,24311.990234375,0.6590884327888489,0.3399624526500702,0.09456546604633331,2022,1303,GA,10.0,0.0,0.0
0.12778237462043762,66513.890625,23348.916015625,0.6552695631980896,0.3426883816719055,0.08746685087680817,2023,1303,GA,10.0,0.0,0.0
0.12172380089759827,62787.69140625,22624.802734375,0.6525848507881165,0.3447294235229492,0.0819096714258194,2024,1303,GA,10.0,0.0,0.0
0.1173797994852066,59888.21484375,22173.4375,0.6505371928215027,0.34624993801116943,0.07760637998580933,2025,1303,GA,10.0,0.0,0.0
0.1539558470249176,96447.96875,29043.298828125,0.5719999074935913,0.4292261004447937,0.12431927025318146,2021,1304,GA,10.0,0.0,0.0
0.13973890244960785,89109.9375,26115.8359375,0.5632239580154419,0.4374297559261322,0.11613151431083679,2022,1304,GA,10.0,0.0,0.0
0.12664535641670227,80493.140625,23703.701171875,0.5594479441642761,0.43954384326934814,0.10518913716077805,2023,1304,GA,10.0,0.0,0.0
0.11617787927389145,72397.28125,21951.849609375,0.5583063364028931,0.4404726028442383,0.09453163295984268,2024,1304,GA,10.0,0.0,0.0
0.10800356417894363,65609.640625,20717.00390625,0.5572583675384521,0.44129955768585205,0.08494851738214493,2025,1304,GA,10.0,0.0,0.0
0.1856922209262848,118809.6171875,29621.736328125,0.5474424958229065,0.45102575421333313,0.16540153324604034,2021,1305,GA,10.0,0.0,0.0
0.17073549330234528,110063.2578125,27531.984375,0.5388317704200745,0.4596005976200104,0.14911523461341858,2022,1305,GA,10.0,0.0,0.0
0.15571102499961853,100397.265625,25703.439453125,0.5325034856796265,0.46773430705070496,0.1356266438961029,2023,1305,GA,10.0,0.0,0.0
0.1411435902118683,90660.5625,23644.88671875,0.5284673571586609,0.47204145789146423,0.12351170182228088,2024,1305,GA,10.0,0.0,0.0
0.12781478464603424,81429.609375,21847.60546875,0.527193546295166,0.47243306040763855,0.11000306904315948,2025,1305,GA,10.0,0.0,0.0
0.0915510430932045,42438.90234375,17299.220703125,0.6308213472366333,0.3669598400592804,0.0553889274597168,2021,1306,GA,10.0,0.0,0.0
0.09160473942756653,38615.7421875,17270.35546875,0.6101592779159546,0.3842093050479889,0.05203832685947418,2022,1306,GA,10.0,0.0,0.0
0.09083599597215652,37886.38671875,17479.96484375,0.6096861958503723,0.3840107321739197,0.05033360421657562,2023,1306,GA,10.0,0.0,0.0
0.0912078395485878,38305.578125,18056.189453125,0.6111118793487549,0.3822648525238037,0.04986266791820526,2024,1306,GA,10.0,0.0,0.0
0.09238289296627045,38976.26171875,18803.607421875,0.6120126843452454,0.38121297955513,0.04970291256904602,2025,1306,GA,10.0,0.0,0.0
0.11455587297677994,56403.64453125,22845.97265625,0.7268569469451904,0.27244067192077637,0.06847742944955826,2021,1307,GA,10.0,0.0,0.0
0.11720765382051468,54454.28125,22606.115234375,0.713386058807373,0.2837308645248413,0.06805230677127838,2022,1307,GA,10.0,0.0,0.0
0.11840503662824631,55202.7421875,22646.287109375,0.7179603576660156,0.2789229452610016,0.06883425265550613,2023,1307,GA,10.0,0.0,0.0
0.12048150599002838,56743.4609375,23120.21484375,0.724703311920166,0.2721780240535736,0.07073027640581131,2024,1307,GA,10.0,0.0,0.0
0.12279756367206573,58245.66796875,23658.451171875,0.7304930090904236,0.26656320691108704,0.07269006222486496,2025,1307,GA,10.0,0.0,0.0
0.19011326134204865,103824.1015625,31814.98828125,0.6816971302032471,0.3194941580295563,0.1395825892686844,2021,1308,GA,10.0,0.0,0.0
0.17787478864192963,99546.34375,30047.17578125,0.676162600517273,0.32416459918022156,0.1325656622648239,2022,1308,GA,10.0,0.0,0.0
0.16618922352790833,94758.515625,28479.3828125,0.6706084609031677,0.329635351896286,0.12573611736297607,2023,1308,GA,10.0,0.0,0.0
0.1548677533864975,89082.765625,26874.33984375,0.6669154763221741,0.33333560824394226,0.1177319586277008,2024,1308,GA,10.0,0.0,0.0
0.1445528268814087,83187.171875,25497.666015625,0.6633965969085693,0.3359639644622803,0.1096675917506218,2025,1308,GA,10.0,0.0,0.0
0.16140562295913696,76711.53125,27917.873046875,0.8121896386146545,0.19201534986495972,0.09995163977146149,2021,1309,GA,10.0,0.0,0.0
0.1576865166425705,74711.78125,27476.509765625,0.8069259524345398,0.19691650569438934,0.09770515561103821,2022,1309,GA,10.0,0.0,0.0
0.15493892133235931,74737.5625,27231.5625,0.8079200387001038,0.1961013227701187,0.09767145663499832,2023,1309,GA,10.0,0.0,0.0
0.15308110415935516,75155.5546875,27103.02734375,0.8077149391174316,0.19638857245445251,0.09812487661838531,2024,1309,GA,10.0,0.0,0.0
0.15150690078735352,75211.0703125,26908.498046875,0.8060186505317688,0.1979600042104721,0.09795226156711578,2025,1309,GA,10.0,0.0,0.0
0.1521787792444229,85484.484375,26833.13671875,0.6258538365364075,0.3752118945121765,0.11350670456886292,2021,1310,GA,10.0,0.0,0.0
0.1397167444229126,78115.4765625,24904.298828125,0.6193040609359741,0.3802408277988434,0.10375566780567169,2022,1310,GA,10.0,0.0,0.0
0.1286385953426361,71512.4765625,23471.2734375,0.6154638528823853,0.38294005393981934,0.09447969496250153,2023,1310,GA,10.0,0.0,0.0
0.12013385444879532,65988.0234375,22411.521484375,0.6121671795845032,0.3857833743095398,0.08624795824289322,2024,1310,GA,10.0,0.0,0.0
0.11367685347795486,61497.02734375,21629.263671875,0.6091872453689575,0.3878818154335022,0.07977317273616791,2025,1310,GA,10.0,0.0,0.0
0.1162058636546135,61659.01953125,21329.171875,0.5881903171539307,0.4108332693576813,0.0813712626695633,2021,1311,GA,10.0,0.0,0.0
0.10963818430900574,55865.4296875,20572.76171875,0.5795658826828003,0.41787585616111755,0.07330258935689926,2022,1311,GA,10.0,0.0,0.0
0.10355742275714874,52029.74609375,19918.55859375,0.5772905349731445,0.4191836416721344,0.06782486289739609,2023,1311,GA,10.0,0.0,0.0
0.09884770214557648,48935.2734375,19464.484375,0.5759202241897583,0.41979876160621643,0.06335220485925674,2024,1311,GA,10.0,0.0,0.0
0.09525717049837112,46123.36328125,19149.380859375,0.5745748281478882,0.4206184446811676,0.059170566499233246,2025,1311,GA,10.0,0.0,0.0
0.20082296431064606,110360.59375,33532.23828125,0.6934584975242615,0.3063064515590668,0.1493981033563614,2021,1312,GA,10.0,0.0,0.0
0.18623606860637665,105332.1015625,31404.775390625,0.6855738162994385,0.31504061818122864,0.1406802088022232,2022,1312,GA,10.0,0.0,0.0
0.17325957119464874,100039.09375,29587.626953125,0.6774070262908936,0.3226950466632843,0.13228577375411987,2023,1312,GA,10.0,0.0,0.0
0.16132335364818573,94010.9140625,27755.068359375,0.6722926497459412,0.3278598487377167,0.1242104023694992,2024,1312,GA,10.0,0.0,0.0
0.15057823061943054,88127.171875,26269.40625,0.6688413023948669,0.3309396207332611,0.11614886671304703,2025,1312,GA,10.0,0.0,0.0
0.14855501055717468,91608.1484375,29010.033203125,0.5589087009429932,0.4422263205051422,0.11732605844736099,2021,1313,GA,10.0,0.0,0.0
0.1349647343158722,85097.0625,26135.48046875,0.555184006690979,0.4443361163139343,0.10981779545545578,2022,1313,GA,10.0,0.0,0.0
0.12258576601743698,76548.34375,23618.08984375,0.5519945621490479,0.4465315043926239,0.09944044053554535,2023,1313,GA,10.0,0.0,0.0
0.11257246136665344,68720.2734375,21769.796875,0.5510014891624451,0.4477825164794922,0.08909539133310318,2024,1313,GA,10.0,0.0,0.0
0.10485466569662094,62380.42578125,20486.376953125,0.549580991268158,0.44840866327285767,0.08029459416866302,2025,1313,GA,10.0,0.0,0.0
0.16718636453151703,79433.515625,29332.98828125,0.8016241192817688,0.20189900696277618,0.10437610745429993,2021,1314,GA,10.0,0.0,0.0
0.16247227787971497,77434.2109375,28650.8984375,0.7983015775680542,0.2049582451581955,0.10163091868162155,2022,1314,GA,10.0,0.0,0.0
0.15836800634860992,76986.4921875,28108.904296875,0.7984572649002075,0.2047368884086609,0.10080873221158981,2023,1314,GA,10.0,0.0,0.0
0.1550191342830658,76515.171875,27621.18359375,0.7977150082588196,0.20554284751415253,0.09986717253923416,2024,1314,GA,10.0,0.0,0.0
0.15251308679580688,76146.0546875,27298.376953125,0.796721875667572,0.20648257434368134,0.09917818754911423,2025,1314,GA,10.0,0.0,0.0
0.13784413039684296,70468.375,20743.033203125,0.46119171380996704,0.5376800298690796,0.0963551253080368,2021,1501,HI,11.0,1.0,2.0
0.12345730513334274,64571.40234375,18880.93359375,0.4699416160583496,0.527601957321167,0.08737824112176895,2022,1501,HI,11.0,1.0,2.0
0.11269815266132355,59353.65625,17515.15625,0.47881394624710083,0.5187903642654419,0.08006962388753891,2023,1501,HI,11.0,1.0,2.0
0.10430173575878143,55082.875,16575.333984375,0.48784148693084717,0.5097932815551758,0.07432607561349869,2024,1501,HI,11.0,1.0,2.0
0.09743120521306992,51180.54296875,15850.060546875,0.49649354815483093,0.5011822581291199,0.06902159750461578,2025,1501,HI,11.0,1.0,2.0
0.16667434573173523,79416.140625,27607.03125,0.5064396262168884,0.49436673521995544,0.10673403739929199,2021,1502,HI,11.0,1.0,2.0
0.14928053319454193,73368.515625,24623.791015625,0.5095497369766235,0.49016115069389343,0.09827131778001785,2022,1502,HI,11.0,1.0,2.0
0.13598856329917908,68352.53125,22438.126953125,0.5145661234855652,0.4844453036785126,0.09123264253139496,2023,1502,HI,11.0,1.0,2.0
0.12528622150421143,64214.1015625,20798.673828125,0.5198328495025635,0.47823774814605713,0.08557040989398956,2024,1502,HI,11.0,1.0,2.0
0.11657919734716415,60629.16015625,19506.568359375,0.5259017944335938,0.472024142742157,0.08074815571308136,2025,1502,HI,11.0,1.0,2.0
0.12518420815467834,85508.25,25929.435546875,0.6539992690086365,0.3468253016471863,0.10589121282100677,2021,1601,ID,13.0,0.0,0.0
0.12026947736740112,78547.1171875,24238.63671875,0.6449182033538818,0.35534149408340454,0.09870445728302002,2022,1601,ID,13.0,0.0,0.0
0.11555762588977814,72942.5546875,22956.515625,0.641547679901123,0.35817551612854004,0.09220054000616074,2023,1601,ID,13.0,0.0,0.0
0.1120789498090744,68637.5234375,22137.85546875,0.6394765377044678,0.3596813976764679,0.08689092844724655,2024,1601,ID,13.0,0.0,0.0
0.10959586501121521,65081.0859375,21640.94921875,0.6378660798072815,0.360735684633255,0.0824231505393982,2025,1601,ID,13.0,0.0,0.0
0.13943630456924438,90114.46875,28364.951171875,0.7104558348655701,0.2908931374549866,0.11118839681148529,2021,1602,ID,13.0,0.0,0.0
0.1345219910144806,84986.6328125,26716.169921875,0.7062116861343384,0.29505252838134766,0.1056990846991539,2022,1602,ID,13.0,0.0,0.0
0.13061551749706268,80832.3671875,25573.27734375,0.7066498398780823,0.29464060068130493,0.10133861005306244,2023,1602,ID,13.0,0.0,0.0
0.12785187363624573,77309.0,24791.2890625,0.7066845297813416,0.2940317392349243,0.0975097045302391,2024,1602,ID,13.0,0.0,0.0
0.12588268518447876,74192.3046875,24249.091796875,0.7067040801048279,0.2936476767063141,0.09398029744625092,2025,1602,ID,13.0,0.0,0.0
0.17951877415180206,109896.890625,29498.294921875,0.5518849492073059,0.4462261199951172,0.1479305624961853,2021,1701,IL,14.0,0.0,0.0
0.16471430659294128,103294.4296875,27599.037109375,0.549790620803833,0.4493163228034973,0.1381126493215561,2022,1701,IL,14.0,0.0,0.0
0.15096086263656616,94642.9765625,25521.212890625,0.5430459976196289,0.45724591612815857,0.1276922971010208,2023,1701,IL,14.0,0.0,0.0
0.13739998638629913,85517.515625,23438.8203125,0.5368762016296387,0.4625478982925415,0.11566022783517838,2024,1701,IL,14.0,0.0,0.0
0.1247900128364563,76313.5625,21574.892578125,0.534447968006134,0.46492302417755127,0.10324044525623322,2025,1701,IL,14.0,0.0,0.0
0.1878093183040619,111031.5546875,32467.6328125,0.5741716027259827,0.42330455780029297,0.1486186534166336,2021,1702,IL,14.0,0.0,0.0
0.17198707163333893,105213.9375,29808.087890625,0.5669054388999939,0.4318459928035736,0.1389874666929245,2022,1702,IL,14.0,0.0,0.0
0.15709397196769714,97109.3671875,27257.603515625,0.5563623905181885,0.4442598819732666,0.12910689413547516,2023,1702,IL,14.0,0.0,0.0
0.14296174049377441,88018.5625,24841.478515625,0.5486007332801819,0.45127347111701965,0.11806371062994003,2024,1702,IL,14.0,0.0,0.0
0.13008683919906616,79099.671875,22804.41015625,0.5448427200317383,0.4544735848903656,0.10641969740390778,2025,1702,IL,14.0,0.0,0.0
0.1297113001346588,56362.15625,22326.10546875,0.792953610420227,0.20451152324676514,0.07032296806573868,2021,1703,IL,14.0,0.0,0.0
0.13409423828125,57928.2734375,23158.037109375,0.7929518222808838,0.20306986570358276,0.07376623898744583,2022,1703,IL,14.0,0.0,0.0
0.1371450275182724,61125.63671875,23970.015625,0.8017324209213257,0.19607068598270416,0.07847360521554947,2023,1703,IL,14.0,0.0,0.0
0.13957920670509338,63916.75,24542.7421875,0.8072555661201477,0.19242693483829498,0.08227283507585526,2024,1703,IL,14.0,0.0,0.0
0.14144764840602875,66139.0625,24959.8046875,0.8104436993598938,0.19053785502910614,0.08530084788799286,2025,1703,IL,14.0,0.0,0.0
0.13237203657627106,56556.1953125,23195.212890625,0.8456596732139587,0.1561702936887741,0.06803452223539352,2021,1704,IL,14.0,0.0,0.0
0.1396312266588211,58751.72265625,24238.78125,0.8402710556983948,0.1610453724861145,0.07377270609140396,2022,1704,IL,14.0,0.0,0.0
0.14403103291988373,63414.63671875,25125.064453125,0.8476758599281311,0.15696071088314056,0.08149977773427963,2023,1704,IL,14.0,0.0,0.0
0.14705435931682587,67607.25,25655.693359375,0.8487465977668762,0.1570451259613037,0.08766268938779831,2024,1704,IL,14.0,0.0,0.0
0.1490580141544342,70660.9921875,25922.140625,0.8459030389785767,0.1603589802980423,0.09218078851699829,2025,1704,IL,14.0,0.0,0.0
0.09045727550983429,46591.1171875,14871.2265625,0.695427656173706,0.3043084442615509,0.06022787094116211,2021,1705,IL,14.0,0.0,0.0
0.09537427127361298,44675.75390625,15961.74609375,0.6809166669845581,0.31642284989356995,0.05930685997009277,2022,1705,IL,14.0,0.0,0.0
0.09883053600788116,45231.8125,17068.9765625,0.6840891242027283,0.3125511705875397,0.059678882360458374,2023,1705,IL,14.0,0.0,0.0
0.10250672698020935,46739.17578125,18305.0078125,0.6880967020988464,0.3083045184612274,0.06101983040571213,2024,1705,IL,14.0,0.0,0.0
0.10593847930431366,48107.78515625,19403.126953125,0.6907661557197571,0.30549097061157227,0.06220778077840805,2025,1705,IL,14.0,0.0,0.0
0.07149713486433029,29224.939453125,14144.14453125,0.5284361839294434,0.4687293767929077,0.037677161395549774,2021,1706,IL,14.0,0.0,0.0
0.07130113989114761,26131.962890625,14291.27734375,0.5142096877098083,0.48078247904777527,0.03427910804748535,2022,1706,IL,14.0,0.0,0.0
0.07045534998178482,25107.869140625,14545.21484375,0.5139256715774536,0.48045814037323,0.03257884830236435,2023,1706,IL,14.0,0.0,0.0
0.07023376226425171,24736.087890625,14987.1416015625,0.5146000385284424,0.47944140434265137,0.03151936084032059,2024,1706,IL,14.0,0.0,0.0
0.07058954238891602,24439.408203125,15516.599609375,0.5145457983016968,0.4791036546230316,0.030616099014878273,2025,1706,IL,14.0,0.0,0.0
0.17774301767349243,110524.6484375,26364.767578125,0.5924394726753235,0.4038630425930023,0.15430162847042084,2021,1707,IL,14.0,0.0,0.0
0.16273272037506104,102119.734375,24957.099609375,0.5879538655281067,0.41054603457450867,0.1394924521446228,2022,1707,IL,14.0,0.0,0.0
0.14925722777843475,93148.609375,23569.353515625,0.5809988975524902,0.4188345670700073,0.1279396414756775,2023,1707,IL,14.0,0.0,0.0
0.13636215031147003,84134.09375,22164.5234375,0.5753574371337891,0.4241713881492615,0.11528968065977097,2024,1707,IL,14.0,0.0,0.0
0.12534737586975098,75715.15625,21046.01953125,0.5721860527992249,0.4269176125526428,0.10304595530033112,2025,1707,IL,14.0,0.0,0.0
0.11437448114156723,48052.63671875,20041.486328125,0.7986338138580322,0.20124191045761108,0.05782770365476608,2021,1708,IL,14.0,0.0,0.0
0.12298082560300827,50026.18359375,20879.79296875,0.7896027565002441,0.20738455653190613,0.06271888315677643,2022,1708,IL,14.0,0.0,0.0
0.12841971218585968,53890.94921875,21734.58984375,0.799189031124115,0.19744470715522766,0.067936010658741,2023,1708,IL,14.0,0.0,0.0
0.13281574845314026,58127.44140625,22740.0625,0.8071207404136658,0.1902819573879242,0.0743187665939331,2024,1708,IL,14.0,0.0,0.0
0.13677147030830383,61906.1953125,23689.486328125,0.8134599924087524,0.18644921481609344,0.07990666478872299,2025,1708,IL,14.0,0.0,0.0
0.10652578622102737,59664.8359375,17999.64453125,0.6535505652427673,0.34527987241744995,0.07985756546258926,2021,1709,IL,14.0,0.0,0.0
0.10541173070669174,56105.66015625,18403.541015625,0.6487457752227783,0.3491397500038147,0.07468616962432861,2022,1709,IL,14.0,0.0,0.0
0.10458850860595703,54178.37109375,18825.677734375,0.6477180123329163,0.349364697933197,0.07162224501371384,2023,1709,IL,14.0,0.0,0.0
0.10426348447799683,52899.7734375,19320.09375,0.647185206413269,0.34947341680526733,0.06926808506250381,2024,1709,IL,14.0,0.0,0.0
0.10422356426715851,51638.63671875,19731.5,0.6464644074440002,0.34993964433670044,0.06699524819850922,2025,1709,IL,14.0,0.0,0.0
0.11120934784412384,49646.95703125,19745.294921875,0.7620198130607605,0.237140491604805,0.060601361095905304,2021,1710,IL,14.0,0.0,0.0
0.11700490862131119,49642.76171875,20397.453125,0.7531660199165344,0.24383413791656494,0.06276349723339081,2022,1710,IL,14.0,0.0,0.0
0.12143713235855103,52155.984375,21152.20703125,0.7619547247886658,0.23488236963748932,0.06627082079648972,2023,1710,IL,14.0,0.0,0.0
0.12588809430599213,55376.36328125,22053.51171875,0.7709600925445557,0.225874125957489,0.0705968365073204,2024,1710,IL,14.0,0.0,0.0
0.13000312447547913,58323.00390625,22907.6484375,0.7780470848083496,0.21869780123233795,0.07474002987146378,2025,1710,IL,14.0,0.0,0.0
0.10998699069023132,47898.296875,20356.318359375,0.7254500389099121,0.2724708318710327,0.060051776468753815,2021,1711,IL,14.0,0.0,0.0
0.1139255091547966,47676.8125,20867.599609375,0.7162731885910034,0.2798912227153778,0.06095556169748306,2022,1711,IL,14.0,0.0,0.0
0.11682222783565521,49386.98046875,21502.484375,0.7226516008377075,0.27347642183303833,0.06287766993045807,2023,1711,IL,14.0,0.0,0.0
0.11989203840494156,51531.18359375,22234.052734375,0.7298197746276855,0.26642853021621704,0.06560184806585312,2024,1711,IL,14.0,0.0,0.0
0.1229543387889862,53628.7890625,22956.451171875,0.7362076044082642,0.26007890701293945,0.0682501494884491,2025,1711,IL,14.0,0.0,0.0
0.1719954013824463,92827.6953125,27159.130859375,0.6899176239967346,0.30964580178260803,0.12676410377025604,2021,1712,IL,14.0,0.0,0.0
0.16099156439304352,89000.953125,26286.435546875,0.691746711730957,0.30768871307373047,0.12067059427499771,2022,1712,IL,14.0,0.0,0.0
0.1514034867286682,84109.34375,25406.603515625,0.6889714598655701,0.31037235260009766,0.11328064650297165,2023,1712,IL,14.0,0.0,0.0
0.14247135818004608,78571.6640625,24430.943359375,0.6859967112541199,0.31301572918891907,0.10525746643543243,2024,1712,IL,14.0,0.0,0.0
0.13496997952461243,73062.625,23568.978515625,0.6828679442405701,0.3161150813102722,0.0973777323961258,2025,1712,IL,14.0,0.0,0.0
0.1502651572227478,85560.515625,22918.998046875,0.6747010946273804,0.32485872507095337,0.11811919510364532,2021,1713,IL,14.0,0.0,0.0
0.14089825749397278,79506.90625,22390.771484375,0.6717525124549866,0.3277595043182373,0.1087610200047493,2022,1713,IL,14.0,0.0,0.0
0.13280154764652252,73847.9453125,22016.595703125,0.6679600477218628,0.3311591148376465,0.10004820674657822,2023,1713,IL,14.0,0.0,0.0
0.12610213458538055,68632.2578125,21688.74609375,0.6640554070472717,0.3345327079296112,0.09227161109447479,2024,1713,IL,14.0,0.0,0.0
0.12095775455236435,64291.8125,21372.0390625,0.6606844663619995,0.33744487166404724,0.08558792620897293,2025,1713,IL,14.0,0.0,0.0
0.07747156918048859,30574.716796875,15764.494140625,0.5373953580856323,0.45818060636520386,0.039690203964710236,2021,1714,IL,14.0,0.0,0.0
0.07722874730825424,28126.228515625,15884.0556640625,0.5279892683029175,0.4664939343929291,0.036652758717536926,2022,1714,IL,14.0,0.0,0.0
0.07639076560735703,27470.142578125,16059.8134765625,0.5277999043464661,0.4661112129688263,0.03551587462425232,2023,1714,IL,14.0,0.0,0.0
0.07603525370359421,27052.923828125,16388.408203125,0.5276366472244263,0.46584993600845337,0.034394361078739166,2024,1714,IL,14.0,0.0,0.0
0.07629011571407318,26860.533203125,16855.1015625,0.5275471210479736,0.46554285287857056,0.03354991227388382,2025,1714,IL,14.0,0.0,0.0
0.1562323123216629,77075.3203125,25157.017578125,0.7371817827224731,0.26232773065567017,0.10596144944429398,2021,1715,IL,14.0,0.0,0.0
0.14968560636043549,74692.546875,24930.009765625,0.742887556552887,0.25682562589645386,0.10113479942083359,2022,1715,IL,14.0,0.0,0.0
0.14497187733650208,72655.28125,24734.220703125,0.7444901466369629,0.2556205689907074,0.09719525277614594,2023,1715,IL,14.0,0.0,0.0
0.14127390086650848,70549.015625,24474.701171875,0.7449608445167542,0.2546962797641754,0.09345994144678116,2024,1715,IL,14.0,0.0,0.0
0.13840925693511963,68670.328125,24190.5,0.7455605268478394,0.2532970905303955,0.09017206728458405,2025,1715,IL,14.0,0.0,0.0
0.12965254485607147,59856.9375,21193.8125,0.6852185130119324,0.3127416968345642,0.08224291354417801,2021,1716,IL,14.0,0.0,0.0
0.125865638256073,57315.515625,21370.728515625,0.6814373731613159,0.3152649402618408,0.07773719727993011,2022,1716,IL,14.0,0.0,0.0
0.12273060530424118,55907.33203125,21474.67578125,0.6810778975486755,0.31516003608703613,0.07492787390947342,2023,1716,IL,14.0,0.0,0.0
0.12040683627128601,54678.3828125,21555.7890625,0.6813040375709534,0.31477418541908264,0.0724407285451889,2024,1716,IL,14.0,0.0,0.0
0.11886592209339142,53858.28125,21716.154296875,0.6822298765182495,0.3137965798377991,0.07060690969228745,2025,1716,IL,14.0,0.0,0.0
0.17992915213108063,90437.6796875,28959.697265625,0.7685924768447876,0.23312672972679138,0.12401667982339859,2021,1717,IL,14.0,0.0,0.0
0.16967952251434326,87331.21875,27900.75390625,0.765755295753479,0.23450535535812378,0.11856459081172943,2022,1717,IL,14.0,0.0,0.0
0.16170524060726166,83704.109375,26965.44921875,0.7630473375320435,0.23676477372646332,0.11284483969211578,2023,1717,IL,14.0,0.0,0.0
0.1545092612504959,79903.15625,26033.013671875,0.7610272765159607,0.23880350589752197,0.10701008141040802,2024,1717,IL,14.0,0.0,0.0
0.14891719818115234,76768.296875,25372.4765625,0.7605112195014954,0.23973196744918823,0.10213609784841537,2025,1717,IL,14.0,0.0,0.0
0.11271793395280838,54860.0546875,19593.19921875,0.6387306451797485,0.359391450881958,0.07369838654994965,2021,1718,IL,14.0,0.0,0.0
0.1095999926328659,51617.4296875,19635.224609375,0.6314555406570435,0.36492815613746643,0.069028340280056,2022,1718,IL,14.0,0.0,0.0
0.1069217324256897,49708.1796875,19685.3125,0.6301047205924988,0.36542415618896484,0.06595105677843094,2023,1718,IL,14.0,0.0,0.0
0.1052897572517395,48453.0625,19864.62890625,0.6295429468154907,0.3656260371208191,0.06366752088069916,2024,1718,IL,14.0,0.0,0.0
0.10419941693544388,47366.625,20076.970703125,0.6289235949516296,0.366118460893631,0.06153672933578491,2025,1718,IL,14.0,0.0,0.0
0.16661374270915985,91205.4765625,28039.4296875,0.6597431898117065,0.34115713834762573,0.12232964485883713,2021,1801,IN,15.0,0.0,0.0
0.1545042246580124,85617.28125,26423.763671875,0.6572722792625427,0.34285280108451843,0.11451112478971481,2022,1801,IN,15.0,0.0,0.0
0.1443287432193756,79935.7265625,25188.0234375,0.6540349125862122,0.34521105885505676,0.10686995089054108,2023,1801,IN,15.0,0.0,0.0
0.13491429388523102,73945.015625,24040.53515625,0.650562584400177,0.3482925295829773,0.09883201867341995,2024,1801,IN,15.0,0.0,0.0
0.12715649604797363,68409.03125,23068.189453125,0.6467275023460388,0.35164308547973633,0.09077221155166626,2025,1801,IN,15.0,0.0,0.0
0.16423293948173523,88141.90625,29071.388671875,0.7726504802703857,0.22912877798080444,0.1152849867939949,2021,1802,IN,15.0,0.0,0.0
0.15704815089702606,84074.2890625,27761.673828125,0.7680902481079102,0.23338216543197632,0.11011300981044769,2022,1802,IN,15.0,0.0,0.0
0.15148840844631195,80869.625,26792.69140625,0.7680500149726868,0.2334972470998764,0.10600516200065613,2023,1802,IN,15.0,0.0,0.0
0.1472293585538864,78130.875,25992.16796875,0.7678648233413696,0.2335425764322281,0.10228097438812256,2024,1802,IN,15.0,0.0,0.0
0.14415214955806732,76058.2265625,25471.515625,0.7681194543838501,0.23306366801261902,0.09936123341321945,2025,1802,IN,15.0,0.0,0.0
0.158343106508255,85091.9453125,29417.7109375,0.7630439400672913,0.23884442448616028,0.10967563092708588,2021,1803,IN,15.0,0.0,0.0
0.15345697104930878,82512.125,28340.435546875,0.7616101503372192,0.2401461899280548,0.10649117827415466,2022,1803,IN,15.0,0.0,0.0
0.14912721514701843,80115.46875,27441.20703125,0.7618762254714966,0.2394126057624817,0.10347719490528107,2023,1803,IN,15.0,0.0,0.0
0.14551477134227753,77732.109375,26599.046875,0.7626738548278809,0.23849914968013763,0.1004147082567215,2024,1803,IN,15.0,0.0,0.0
0.14289644360542297,75870.4296875,26002.79296875,0.76401287317276,0.2371206283569336,0.09795539826154709,2025,1803,IN,15.0,0.0,0.0
0.1436130851507187,85193.1875,25322.603515625,0.6990775465965271,0.3009646236896515,0.11153861880302429,2021,1804,IN,15.0,0.0,0.0
0.13655787706375122,78939.5546875,24190.826171875,0.6948199272155762,0.3051532804965973,0.10348097234964371,2022,1804,IN,15.0,0.0,0.0
0.1311665028333664,74195.875,23510.07421875,0.6942890882492065,0.3056442439556122,0.09722431749105453,2023,1804,IN,15.0,0.0,0.0
0.12709209322929382,70334.9453125,23047.44921875,0.6931940317153931,0.3062126636505127,0.09198668599128723,2024,1804,IN,15.0,0.0,0.0
0.1241585984826088,67282.453125,22737.6484375,0.6921207904815674,0.30683737993240356,0.08758491277694702,2025,1804,IN,15.0,0.0,0.0
0.12795884907245636,78742.203125,23982.306640625,0.583506166934967,0.41535934805870056,0.10317820310592651,2021,1805,IN,15.0,0.0,0.0
0.11891783773899078,71864.9765625,22551.271484375,0.5793569684028625,0.4193495512008667,0.09433314204216003,2022,1805,IN,15.0,0.0,0.0
0.11138170957565308,65821.1875,21526.11328125,0.577404260635376,0.42109355330467224,0.08562461286783218,2023,1805,IN,15.0,0.0,0.0
0.1054709255695343,60587.45703125,20572.060546875,0.5749242901802063,0.42284858226776123,0.07805803418159485,2024,1805,IN,15.0,0.0,0.0
0.10075430572032928,56059.1796875,19817.513671875,0.5726408958435059,0.4244832992553711,0.07213447988033295,2025,1805,IN,15.0,0.0,0.0
0.17102187871932983,93784.3203125,28065.951171875,0.7346090078353882,0.26515090465545654,0.12615163624286652,2021,1806,IN,15.0,0.0,0.0
0.16091585159301758,89108.8984375,26957.32421875,0.7351276874542236,0.264339804649353,0.11912594735622406,2022,1806,IN,15.0,0.0,0.0
0.15325580537319183,84718.0703125,26127.69140625,0.7359474897384644,0.26381218433380127,0.11281492561101913,2023,1806,IN,15.0,0.0,0.0
0.14688818156719208,80381.28125,25349.875,0.7360362410545349,0.26430851221084595,0.10668066889047623,2024,1806,IN,15.0,0.0,0.0
0.14177513122558594,76523.6953125,24709.791015625,0.7355285882949829,0.2650311589241028,0.10117340832948685,2025,1806,IN,15.0,0.0,0.0
0.2031688094139099,127404.09375,38238.5078125,0.7091150879859924,0.2889607846736908,0.16668392717838287,2021,1807,IN,15.0,0.0,0.0
0.18856459856033325,120530.4921875,34959.60546875,0.6976457834243774,0.3002956509590149,0.1569078117609024,2022,1807,IN,15.0,0.0,0.0
0.1763288527727127,114180.0625,32389.341796875,0.6879723072052002,0.3112773001194,0.14705435931682587,2023,1807,IN,15.0,0.0,0.0
0.16635549068450928,108491.34375,30338.265625,0.6807050704956055,0.3195863962173462,0.1390552967786789,2024,1807,IN,15.0,0.0,0.0
0.15733939409255981,102916.5078125,28558.453125,0.6748365163803101,0.32524192333221436,0.13253535330295563,2025,1807,IN,15.0,0.0,0.0
0.16819004714488983,95126.359375,27897.755859375,0.7304385900497437,0.26909127831459045,0.12745097279548645,2021,1808,IN,15.0,0.0,0.0
0.15959922969341278,90966.4296875,26985.0234375,0.7297712564468384,0.2696874439716339,0.12131819128990173,2022,1808,IN,15.0,0.0,0.0
0.1523285061120987,86521.71875,26185.5859375,0.7297448515892029,0.26999974250793457,0.11492010205984116,2023,1808,IN,15.0,0.0,0.0
0.14600105583667755,82046.8359375,25418.638671875,0.7297227382659912,0.27062350511550903,0.10850255936384201,2024,1808,IN,15.0,0.0,0.0
0.14059974253177643,77598.265625,24610.76953125,0.7291857004165649,0.2714950144290924,0.10228272527456284,2025,1808,IN,15.0,0.0,0.0
0.15577518939971924,93621.2109375,26157.357421875,0.6740066409111023,0.3249659240245819,0.12452895194292068,2021,1809,IN,15.0,0.0,0.0
0.1476270854473114,88934.8828125,25313.39453125,0.6745492219924927,0.32452306151390076,0.1179935410618782,2022,1809,IN,15.0,0.0,0.0
0.14019355177879333,83958.2109375,24458.83203125,0.6732301712036133,0.3258671760559082,0.110970638692379,2023,1809,IN,15.0,0.0,0.0
0.13322558999061584,78595.859375,23642.08984375,0.6710506677627563,0.32839056849479675,0.10383293777704239,2024,1809,IN,15.0,0.0,0.0
0.1272910237312317,73295.96875,22934.548828125,0.6681181788444519,0.3313639461994171,0.09650654345750809,2025,1809,IN,15.0,0.0,0.0
0.12569396197795868,67424.9296875,23236.158203125,0.5778493881225586,0.42079126834869385,0.08961203694343567,2021,1901,IA,12.0,0.0,0.0
0.11585596203804016,61434.8984375,21864.4921875,0.5739507675170898,0.42392024397850037,0.08042995631694794,2022,1901,IA,12.0,0.0,0.0
0.10829740017652512,56301.3984375,20740.701171875,0.5710442662239075,0.4259355664253235,0.07349369674921036,2023,1901,IA,12.0,0.0,0.0
0.10244254767894745,51991.64453125,19916.791015625,0.5686432719230652,0.4276480972766876,0.06767123192548752,2024,1901,IA,12.0,0.0,0.0
0.09802993386983871,48643.78125,19436.267578125,0.5669707655906677,0.42870432138442993,0.06294530630111694,2025,1901,IA,12.0,0.0,0.0
0.14222364127635956,79527.78125,25991.0,0.61991947889328,0.3800170421600342,0.10478885471820831,2021,1902,IA,12.0,0.0,0.0
0.13092152774333954,73084.8828125,24269.884765625,0.616028368473053,0.38258832693099976,0.09629224240779877,2022,1902,IA,12.0,0.0,0.0
0.12224654108285904,67199.421875,23039.896484375,0.6126139760017395,0.3853207230567932,0.08779510110616684,2023,1902,IA,12.0,0.0,0.0
0.11550325900316238,62224.078125,22028.673828125,0.6091874241828918,0.38802555203437805,0.08072818070650101,2024,1902,IA,12.0,0.0,0.0
0.11026318371295929,58218.734375,21316.900390625,0.6065652370452881,0.3900027871131897,0.07526151835918427,2025,1902,IA,12.0,0.0,0.0
0.11873331665992737,67787.453125,24244.138671875,0.5746914148330688,0.4236624836921692,0.08638043701648712,2021,1903,IA,12.0,0.0,0.0
0.10984369367361069,61126.08203125,22161.37890625,0.5675500631332397,0.4300583302974701,0.0778980478644371,2022,1903,IA,12.0,0.0,0.0
0.10316842049360275,56125.75390625,20815.51953125,0.5654582381248474,0.4313459098339081,0.07170052826404572,2023,1903,IA,12.0,0.0,0.0
0.09827271848917007,52169.5859375,19970.62109375,0.5641876459121704,0.43197327852249146,0.06656113266944885,2024,1903,IA,12.0,0.0,0.0
0.09466537833213806,48953.94140625,19453.18359375,0.5630531311035156,0.4325486421585083,0.06225419044494629,2025,1903,IA,12.0,0.0,0.0
0.12592196464538574,66344.5390625,22839.3203125,0.6316707730293274,0.367293119430542,0.08780132979154587,2021,1904,IA,12.0,0.0,0.0
0.11839070916175842,61102.06640625,21867.900390625,0.6233932375907898,0.3740299940109253,0.08020332455635071,2022,1904,IA,12.0,0.0,0.0
0.11277155578136444,57019.75,21158.900390625,0.6205738186836243,0.3760068714618683,0.07463891059160233,2023,1904,IA,12.0,0.0,0.0
0.10870176553726196,53934.25390625,20736.353515625,0.618657112121582,0.3772662878036499,0.07021502405405045,2024,1904,IA,12.0,0.0,0.0
0.10584387183189392,51649.18359375,20547.16796875,0.6172383427619934,0.37826836109161377,0.0667775496840477,2025,1904,IA,12.0,0.0,0.0
0.16614142060279846,84991.109375,28485.365234375,0.7506842017173767,0.24927306175231934,0.11330211907625198,2021,2001,KS,16.0,0.0,0.0
0.1586475521326065,81968.3046875,27552.98046875,0.7524557113647461,0.24783647060394287,0.10864812135696411,2022,2001,KS,16.0,0.0,0.0
0.15265537798404694,79182.0703125,26743.486328125,0.7532778978347778,0.24706976115703583,0.10472112149000168,2023,2001,KS,16.0,0.0,0.0
0.1474980264902115,76166.1953125,25890.775390625,0.7537614703178406,0.24668511748313904,0.10046909004449844,2024,2001,KS,16.0,0.0,0.0
0.1435195803642273,73590.265625,25234.541015625,0.7542743682861328,0.24610601365566254,0.09678812325000763,2025,2001,KS,16.0,0.0,0.0
0.18121664226055145,98289.4921875,30002.197265625,0.615341067314148,0.3854514956474304,0.1330709606409073,2021,2002,KS,16.0,0.0,0.0
0.1678633987903595,93474.21875,28267.69921875,0.6144574284553528,0.38663870096206665,0.1261856108903885,2022,2002,KS,16.0,0.0,0.0
0.1560998409986496,87656.703125,26704.7734375,0.6098436117172241,0.3908337354660034,0.11807619780302048,2023,2002,KS,16.0,0.0,0.0
0.14449383318424225,81030.1484375,25094.271484375,0.6047747135162354,0.3947382867336273,0.10918828845024109,2024,2002,KS,16.0,0.0,0.0
0.13307730853557587,73810.53125,23475.453125,0.6004891991615295,0.39846697449684143,0.0995786264538765,2025,2002,KS,16.0,0.0,0.0
0.1369553506374359,74633.890625,26440.791015625,0.5249413251876831,0.4756115972995758,0.0979309156537056,2021,2003,KS,16.0,0.0,0.0
0.12442673742771149,67790.4921875,24135.94921875,0.5234811902046204,0.47591251134872437,0.0890798419713974,2022,2003,KS,16.0,0.0,0.0
0.11323770135641098,61036.85546875,22053.44140625,0.5219197273254395,0.47652143239974976,0.07969269901514053,2023,2003,KS,16.0,0.0,0.0
0.10423050820827484,55129.0703125,20372.572265625,0.520416796207428,0.477672278881073,0.07139228284358978,2024,2003,KS,16.0,0.0,0.0
0.09712245315313339,50102.3515625,19121.783203125,0.5192052721977234,0.4782000780105591,0.06463241577148438,2025,2003,KS,16.0,0.0,0.0
0.18283513188362122,96348.2734375,33934.58203125,0.6922496557235718,0.3087974488735199,0.12656211853027344,2021,2004,KS,16.0,0.0,0.0
0.1722583919763565,93024.9375,32137.251953125,0.6921634078025818,0.30859625339508057,0.1212175264954567,2022,2004,KS,16.0,0.0,0.0
0.16274160146713257,88635.5,30341.41796875,0.6914008855819702,0.3089851438999176,0.11523298174142838,2023,2004,KS,16.0,0.0,0.0
0.154000923037529,84039.6015625,28623.185546875,0.6909475922584534,0.30931925773620605,0.10920142382383347,2024,2004,KS,16.0,0.0,0.0
0.14577127993106842,79397.515625,27060.837890625,0.6901451349258423,0.31004729866981506,0.10328676551580429,2025,2004,KS,16.0,0.0,0.0
0.18976764380931854,109514.0078125,30817.615234375,0.7528185844421387,0.24913974106311798,0.1486503779888153,2021,2101,KY,17.0,0.0,0.0
0.18060843646526337,106253.734375,29646.83203125,0.7491254806518555,0.253330260515213,0.14284276962280273,2022,2101,KY,17.0,0.0,0.0
0.17272377014160156,102437.3125,28696.3984375,0.7431995272636414,0.25768497586250305,0.13723376393318176,2023,2101,KY,17.0,0.0,0.0
0.1645078957080841,97577.8671875,27614.75,0.7381047606468201,0.26167032122612,0.13060228526592255,2024,2101,KY,17.0,0.0,0.0
0.1565357893705368,92193.515625,26518.79296875,0.7352895736694336,0.2641657292842865,0.1232176125049591,2025,2101,KY,17.0,0.0,0.0
0.1644723266363144,101395.328125,28751.125,0.722079336643219,0.278171181678772,0.13279686868190765,2021,2102,KY,17.0,0.0,0.0
0.15813906490802765,97484.1953125,27761.806640625,0.7208310961723328,0.27889397740364075,0.1280835121870041,2022,2102,KY,17.0,0.0,0.0
0.1518157571554184,93063.3515625,26855.158203125,0.7190395593643188,0.2809217870235443,0.12219918519258499,2023,2102,KY,17.0,0.0,0.0
0.1455105096101761,88187.609375,25901.341796875,0.7179598212242126,0.28236040472984314,0.11554358154535294,2024,2102,KY,17.0,0.0,0.0
0.1398838609457016,83363.375,24967.71875,0.7172563672065735,0.28329870104789734,0.10893495380878448,2025,2102,KY,17.0,0.0,0.0
0.1589195281267166,103785.4609375,27180.845703125,0.6148173809051514,0.38409364223480225,0.13641557097434998,2021,2103,KY,17.0,0.0,0.0
0.14943423867225647,98309.109375,25937.568359375,0.6121970415115356,0.3871893584728241,0.13003231585025787,2022,2103,KY,17.0,0.0,0.0
0.14014746248722076,91096.4296875,24560.330078125,0.6063340902328491,0.39210379123687744,0.12102153152227402,2023,2103,KY,17.0,0.0,0.0
0.13085107505321503,83426.125,23194.138671875,0.6020313501358032,0.3966147005558014,0.1110808253288269,2024,2103,KY,17.0,0.0,0.0
0.12232629954814911,76071.6484375,22035.81640625,0.5988695025444031,0.4001386761665344,0.10121326893568039,2025,2103,KY,17.0,0.0,0.0
0.13724805414676666,81721.03125,24831.845703125,0.651215136051178,0.34818241000175476,0.10733702778816223,2021,2104,KY,17.0,0.0,0.0
0.12936317920684814,75451.9765625,23688.892578125,0.6470519304275513,0.3524225354194641,0.09944643825292587,2022,2104,KY,17.0,0.0,0.0
0.1232224702835083,70284.078125,22861.841796875,0.6448625326156616,0.35434427857398987,0.09226273745298386,2023,2104,KY,17.0,0.0,0.0
0.11844503879547119,65983.3828125,22176.064453125,0.6422815322875977,0.3562813103199005,0.08610745519399643,2024,2104,KY,17.0,0.0,0.0
0.11475168913602829,62310.3671875,21625.560546875,0.6397733688354492,0.358194500207901,0.08109764009714127,2025,2104,KY,17.0,0.0,0.0
0.24344074726104736,134821.0,37567.87890625,0.7924173474311829,0.2075762003660202,0.19304999709129333,2021,2105,KY,17.0,0.0,0.0
0.22957241535186768,129151.875,35181.375,0.7787259817123413,0.2204330861568451,0.18411202728748322,2022,2105,KY,17.0,0.0,0.0
0.21565702557563782,122193.875,32963.44921875,0.7640783786773682,0.23551559448242188,0.17338867485523224,2023,2105,KY,17.0,0.0,0.0
0.20198090374469757,114829.421875,30840.001953125,0.7515329122543335,0.24897624552249908,0.16126033663749695,2024,2105,KY,17.0,0.0,0.0
0.1887155920267105,108150.53125,29063.3125,0.7411133050918579,0.2590768039226532,0.1493077427148819,2025,2105,KY,17.0,0.0,0.0
0.159666046500206,104149.6796875,27435.591796875,0.6715058088302612,0.32745811343193054,0.13621015846729279,2021,2106,KY,17.0,0.0,0.0
0.1504562497138977,97747.546875,26083.17578125,0.6667613387107849,0.3317207396030426,0.12854044139385223,2022,2106,KY,17.0,0.0,0.0
0.14232641458511353,91432.2265625,24907.099609375,0.6640324592590332,0.33483192324638367,0.12042131274938583,2023,2106,KY,17.0,0.0,0.0
0.13488449156284332,85067.3984375,23845.22265625,0.6610757112503052,0.3380860388278961,0.11216707527637482,2024,2106,KY,17.0,0.0,0.0
0.12828075885772705,78904.3671875,22990.263671875,0.6581779718399048,0.3414311110973358,0.10404404997825623,2025,2106,KY,17.0,0.0,0.0
0.1833534687757492,97706.25,33556.0,0.6922910213470459,0.30943965911865234,0.12792859971523285,2021,2201,LA,18.0,0.0,0.0
0.1732705682516098,93832.3984375,31797.072265625,0.692175030708313,0.308714359998703,0.12245151400566101,2022,2201,LA,18.0,0.0,0.0
0.16436326503753662,90172.3046875,30285.814453125,0.6933695077896118,0.3072940409183502,0.11753808706998825,2023,2201,LA,18.0,0.0,0.0
0.1560610979795456,86158.421875,28751.3671875,0.6940827965736389,0.3062167763710022,0.11229259520769119,2024,2201,LA,18.0,0.0,0.0
0.14793290197849274,81699.2265625,27172.42578125,0.694159984588623,0.3061889111995697,0.1065250113606453,2025,2201,LA,18.0,0.0,0.0
0.2629144787788391,161457.59375,47976.2265625,0.7017642259597778,0.29810217022895813,0.22194084525108337,2021,2202,LA,18.0,0.0,0.0
0.24312818050384521,151251.671875,43631.1875,0.680208683013916,0.31794723868370056,0.20700116455554962,2022,2202,LA,18.0,0.0,0.0
0.22443515062332153,139546.625,39439.8984375,0.6529489159584045,0.3448413014411926,0.19052964448928833,2023,2202,LA,18.0,0.0,0.0
0.20562021434307098,128224.1640625,35243.66015625,0.6273466348648071,0.3705348074436188,0.17421403527259827,2024,2202,LA,18.0,0.0,0.0
0.18857347965240479,118688.4140625,31941.47265625,0.6093565225601196,0.38842302560806274,0.1595562845468521,2025,2202,LA,18.0,0.0,0.0
0.2178391069173813,116790.9453125,41648.328125,0.7488223910331726,0.2495509386062622,0.1531543880701065,2021,2203,LA,18.0,0.0,0.0
0.20470768213272095,110837.296875,38367.63671875,0.743988037109375,0.25577741861343384,0.14561405777931213,2022,2203,LA,18.0,0.0,0.0
0.19235622882843018,105706.9609375,35471.3203125,0.7410837411880493,0.2610384523868561,0.1387675404548645,2023,2203,LA,18.0,0.0,0.0
0.18172602355480194,101453.7734375,33130.60546875,0.737248957157135,0.26486021280288696,0.1324758231639862,2024,2203,LA,18.0,0.0,0.0
0.17251937091350555,97434.109375,31240.970703125,0.7340390682220459,0.26704686880111694,0.1274387538433075,2025,2203,LA,18.0,0.0,0.0
0.24519561231136322,133418.5,45309.88671875,0.7570570707321167,0.24296247959136963,0.18096984922885895,2021,2204,LA,18.0,0.0,0.0
0.23094217479228973,126520.703125,41985.07421875,0.746554970741272,0.252635657787323,0.16984909772872925,2022,2204,LA,18.0,0.0,0.0
0.21704551577568054,119299.0390625,38721.53125,0.7382792234420776,0.2598680555820465,0.15997305512428284,2023,2204,LA,18.0,0.0,0.0
0.20235365629196167,112338.140625,35435.4765625,0.7307190299034119,0.2687387764453888,0.15052157640457153,2024,2204,LA,18.0,0.0,0.0
0.1889970600605011,106823.171875,32908.59375,0.723797619342804,0.27691471576690674,0.14216728508472443,2025,2204,LA,18.0,0.0,0.0
0.24233435094356537,130733.1796875,43506.9140625,0.7423372864723206,0.25765281915664673,0.17823049426078796,2021,2205,LA,18.0,0.0,0.0
0.22717390954494476,123662.0859375,40060.95703125,0.7330488562583923,0.265394926071167,0.16703633964061737,2022,2205,LA,18.0,0.0,0.0
0.21166115999221802,116367.4296875,36812.5859375,0.7242231965065002,0.2735821306705475,0.15690748393535614,2023,2205,LA,18.0,0.0,0.0
0.1966623067855835,109473.609375,33850.12890625,0.7167335748672485,0.2830866873264313,0.14687089622020721,2024,2205,LA,18.0,0.0,0.0
0.18309609591960907,103733.2734375,31449.662109375,0.7094500660896301,0.2915310561656952,0.1381078064441681,2025,2205,LA,18.0,0.0,0.0
0.16442939639091492,91304.140625,30780.08984375,0.6418836116790771,0.35933640599250793,0.11926102638244629,2021,2206,LA,18.0,0.0,0.0
0.15325449407100677,85686.5078125,28697.626953125,0.6358052492141724,0.36468061804771423,0.11202982813119888,2022,2206,LA,18.0,0.0,0.0
0.1430206596851349,79734.390625,26796.884765625,0.632378876209259,0.36725738644599915,0.10459602624177933,2023,2206,LA,18.0,0.0,0.0
0.13335701823234558,73570.796875,25035.80859375,0.6293395161628723,0.36960113048553467,0.0969037115573883,2024,2206,LA,18.0,0.0,0.0
0.12535975873470306,68095.765625,23673.29296875,0.6263675689697266,0.3718550205230713,0.08943624794483185,2025,2206,LA,18.0,0.0,0.0
0.13443799316883087,70848.1484375,18857.822265625,0.5009602308273315,0.4974961578845978,0.09914735704660416,2021,2301,ME,21.0,1.0,2.0
0.12291794270277023,65435.1171875,17830.6171875,0.502485990524292,0.4956083297729492,0.09052927792072296,2022,2301,ME,21.0,1.0,2.0
0.11333206295967102,60086.9765625,16885.904296875,0.5060030817985535,0.4918062388896942,0.08276768773794174,2023,2301,ME,21.0,1.0,2.0
0.10547773540019989,55420.9765625,16171.6982421875,0.5105759501457214,0.4873502552509308,0.07617750763893127,2024,2301,ME,21.0,1.0,2.0
0.09903974831104279,51295.0703125,15605.10546875,0.5150972604751587,0.4829445481300354,0.0703139677643776,2025,2301,ME,21.0,1.0,2.0
0.20164677500724792,96254.1640625,25352.26953125,0.7256306409835815,0.27434244751930237,0.13807402551174164,2021,2302,ME,21.0,1.0,2.0
0.18585219979286194,91435.5390625,23551.837890625,0.7289173603057861,0.2721441686153412,0.13054797053337097,2022,2302,ME,21.0,1.0,2.0
0.17267249524593353,86327.3125,22085.193359375,0.7290228605270386,0.2715119421482086,0.12407614290714264,2023,2302,ME,21.0,1.0,2.0
0.161415696144104,80998.9921875,21019.359375,0.7297815680503845,0.27060818672180176,0.11683669686317444,2024,2302,ME,21.0,1.0,2.0
0.15227651596069336,76028.0546875,20326.203125,0.7319962382316589,0.26939696073532104,0.10921276360750198,2025,2302,ME,21.0,1.0,2.0
0.15650640428066254,72972.890625,24904.529296875,0.6679479479789734,0.33228370547294617,0.09998131543397903,2021,2401,MD,20.0,1.0,2.0
0.14767248928546906,69787.609375,24008.70703125,0.6736271381378174,0.32643255591392517,0.09504054486751556,2022,2401,MD,20.0,1.0,2.0
0.14053669571876526,67072.953125,23211.52734375,0.6789485216140747,0.3207220733165741,0.09078998863697052,2023,2401,MD,20.0,1.0,2.0
0.13470613956451416,64587.63671875,22476.220703125,0.6847964525222778,0.31463414430618286,0.08686563372612,2024,2401,MD,20.0,1.0,2.0
0.13030649721622467,62330.1015625,21856.14453125,0.6917729377746582,0.3075391948223114,0.08345062285661697,2025,2401,MD,20.0,1.0,2.0
0.16010765731334686,94639.2421875,27993.298828125,0.6521900296211243,0.3482286334037781,0.12148839235305786,2021,2402,MD,20.0,1.0,2.0
0.14883288741111755,90862.4375,26240.130859375,0.6570385098457336,0.34329715371131897,0.11655202507972717,2022,2402,MD,20.0,1.0,2.0
0.14083229005336761,86607.75,24866.466796875,0.6587162017822266,0.34148043394088745,0.1114252433180809,2023,2402,MD,20.0,1.0,2.0
0.13446377217769623,82314.859375,23642.966796875,0.6598863005638123,0.34012702107429504,0.10639818757772446,2024,2402,MD,20.0,1.0,2.0
0.12927395105361938,78592.0078125,22647.23828125,0.6612812876701355,0.3386482000350952,0.10183949023485184,2025,2402,MD,20.0,1.0,2.0
0.12668730318546295,69139.9296875,20705.033203125,0.5753242373466492,0.42392629384994507,0.09195327013731003,2021,2403,MD,20.0,1.0,2.0
0.11886105686426163,65000.94921875,19682.388671875,0.5780069828033447,0.42134130001068115,0.0859096422791481,2022,2403,MD,20.0,1.0,2.0
0.11301099509000778,61693.55078125,18995.6796875,0.5808961987495422,0.4185183346271515,0.08137094229459763,2023,2403,MD,20.0,1.0,2.0
0.1082909032702446,58828.21484375,18453.607421875,0.5838389992713928,0.4155506491661072,0.07764133810997009,2024,2403,MD,20.0,1.0,2.0
0.10463393479585648,56252.48046875,18046.447265625,0.5867164134979248,0.4124904274940491,0.0742059126496315,2025,2403,MD,20.0,1.0,2.0
0.14106599986553192,85800.765625,24995.623046875,0.5922262072563171,0.40663817524909973,0.11054269224405289,2021,2404,MD,20.0,1.0,2.0
0.13217638432979584,81424.484375,23347.208984375,0.5951987504959106,0.4030793309211731,0.10506165772676468,2022,2404,MD,20.0,1.0,2.0
0.1257476806640625,76938.890625,22176.986328125,0.5971845984458923,0.40121176838874817,0.09936684370040894,2023,2404,MD,20.0,1.0,2.0
0.12048011273145676,73013.0546875,21153.943359375,0.5991835594177246,0.3992197811603546,0.0944395437836647,2024,2404,MD,20.0,1.0,2.0
0.11585359275341034,69442.7421875,20278.23828125,0.6021251678466797,0.39645838737487793,0.08991661667823792,2025,2404,MD,20.0,1.0,2.0
0.11830699443817139,66256.359375,19745.10546875,0.4945259392261505,0.502905547618866,0.08770523220300674,2021,2405,MD,20.0,1.0,2.0
0.10985931754112244,62330.29296875,18538.484375,0.5047107338905334,0.49325627088546753,0.08220341801643372,2022,2405,MD,20.0,1.0,2.0
0.10345136374235153,58152.53125,17628.349609375,0.5098221302032471,0.48832806944847107,0.07667942345142365,2023,2405,MD,20.0,1.0,2.0
0.09824296087026596,54397.59375,16860.162109375,0.514754593372345,0.48319345712661743,0.07198256999254227,2024,2405,MD,20.0,1.0,2.0
0.09389875829219818,50824.1484375,16267.0390625,0.5190039277076721,0.478870153427124,0.06730643659830093,2025,2405,MD,20.0,1.0,2.0
0.1525387316942215,74692.0234375,26287.958984375,0.6745928525924683,0.32565417885780334,0.09890001267194748,2021,2406,MD,20.0,1.0,2.0
0.14577127993106842,71766.28125,25583.986328125,0.6853460073471069,0.31513863801956177,0.09476203471422195,2022,2406,MD,20.0,1.0,2.0
0.1402936726808548,69829.5390625,25003.423828125,0.6939484477043152,0.30599042773246765,0.09178809076547623,2023,2406,MD,20.0,1.0,2.0
0.1356184035539627,67746.1953125,24240.341796875,0.7019543647766113,0.2974848747253418,0.08868966996669769,2024,2406,MD,20.0,1.0,2.0
0.13217534124851227,65895.421875,23557.091796875,0.7098796367645264,0.2894303798675537,0.08609173446893692,2025,2406,MD,20.0,1.0,2.0
0.17739005386829376,113242.71875,28810.0,0.6249229311943054,0.37330302596092224,0.14437824487686157,2021,2407,MD,20.0,1.0,2.0
0.1670115888118744,108627.546875,27297.93359375,0.6267407536506653,0.37208160758018494,0.13807879388332367,2022,2407,MD,20.0,1.0,2.0
0.15831707417964935,102007.59375,25787.73828125,0.6192858815193176,0.3796915113925934,0.13091039657592773,2023,2407,MD,20.0,1.0,2.0
0.1496594101190567,95753.984375,24397.859375,0.616845965385437,0.3817853033542633,0.12474135309457779,2024,2407,MD,20.0,1.0,2.0
0.14208827912807465,90484.0859375,23246.9609375,0.6170756220817566,0.38183218240737915,0.11874768882989883,2025,2407,MD,20.0,1.0,2.0
0.1095709279179573,52046.90625,18815.00390625,0.5492414832115173,0.44921860098838806,0.06878311932086945,2021,2408,MD,20.0,1.0,2.0
0.1047600507736206,47967.68359375,18417.287109375,0.5496516227722168,0.4482608139514923,0.06380292028188705,2022,2408,MD,20.0,1.0,2.0
0.10069503635168076,45809.71484375,18125.810546875,0.5532137751579285,0.44425565004348755,0.06091044843196869,2023,2408,MD,20.0,1.0,2.0
0.09748999774456024,44089.28125,17858.8203125,0.5568106770515442,0.4402047395706177,0.058670319616794586,2024,2408,MD,20.0,1.0,2.0
0.09523144364356995,42633.56640625,17655.22265625,0.5600101351737976,0.43659788370132446,0.05697377026081085,2025,2408,MD,20.0,1.0,2.0
0.14400798082351685,75027.984375,21011.828125,0.7909930944442749,0.21044689416885376,0.10544872283935547,2021,2501,MA,19.0,1.0,2.0
0.1433515101671219,74188.4609375,21326.85546875,0.7987871170043945,0.20326299965381622,0.10345124453306198,2022,2501,MA,19.0,1.0,2.0
0.14232483506202698,73182.640625,21570.271484375,0.8050972819328308,0.1971432864665985,0.10129081457853317,2023,2501,MA,19.0,1.0,2.0
0.14156797528266907,71831.3203125,21762.15625,0.8114997148513794,0.19126828014850616,0.09841496497392654,2024,2501,MA,19.0,1.0,2.0
0.1414138823747635,70615.046875,21946.494140625,0.8184589743614197,0.18489636480808258,0.09627580642700195,2025,2501,MA,19.0,1.0,2.0
0.10714081674814224,61659.6484375,17099.501953125,0.670225203037262,0.32860204577445984,0.0817406103014946,2021,2502,MA,19.0,1.0,2.0
0.10720972716808319,58704.2109375,17332.546875,0.6728150248527527,0.32627102732658386,0.07797911018133163,2022,2502,MA,19.0,1.0,2.0
0.1071188747882843,57069.7421875,17567.4921875,0.6808556318283081,0.31893953680992126,0.07560403645038605,2023,2502,MA,19.0,1.0,2.0
0.10765617340803146,55892.0390625,17932.73828125,0.6892185211181641,0.3109360933303833,0.07372111827135086,2024,2502,MA,19.0,1.0,2.0
0.10902448743581772,55087.39453125,18452.755859375,0.6967257857322693,0.30317461490631104,0.07262217253446579,2025,2502,MA,19.0,1.0,2.0
0.1242767721414566,64230.8984375,20644.640625,0.7769030928611755,0.22527025640010834,0.08371985703706741,2021,2503,MA,19.0,1.0,2.0
0.12783852219581604,63408.640625,21298.26953125,0.7875205278396606,0.21379120647907257,0.08347094804048538,2022,2503,MA,19.0,1.0,2.0
0.13070489466190338,63555.6171875,21843.4453125,0.8001714944839478,0.20068131387233734,0.08409161865711212,2023,2503,MA,19.0,1.0,2.0
0.13354943692684174,63795.546875,22311.775390625,0.8120349645614624,0.1893186718225479,0.08455203473567963,2024,2503,MA,19.0,1.0,2.0
0.13650575280189514,64030.91015625,22733.13671875,0.8228514194488525,0.1794336438179016,0.08515917509794235,2025,2503,MA,19.0,1.0,2.0
0.0844159871339798,45762.9765625,14578.94921875,0.5776541829109192,0.4210982918739319,0.059645771980285645,2021,2504,MA,19.0,1.0,2.0
0.08473220467567444,42860.34765625,14794.2890625,0.577983021736145,0.42030543088912964,0.05637083202600479,2022,2504,MA,19.0,1.0,2.0
0.08522877842187881,41790.9765625,15215.564453125,0.5833637714385986,0.4144948124885559,0.05498877912759781,2023,2504,MA,19.0,1.0,2.0
0.08617193251848221,41089.296875,15805.2353515625,0.5876306891441345,0.40978699922561646,0.05393294245004654,2024,2504,MA,19.0,1.0,2.0
0.08744022995233536,40445.5,16377.611328125,0.5909243822097778,0.40612533688545227,0.05298957973718643,2025,2504,MA,19.0,1.0,2.0
0.08404458314180374,50119.1875,14084.42578125,0.6592904329299927,0.339420348405838,0.0649259090423584,2021,2505,MA,19.0,1.0,2.0
0.0887216180562973,48309.49609375,14983.9267578125,0.6579015851020813,0.3404950201511383,0.06362311542034149,2022,2505,MA,19.0,1.0,2.0
0.0916060209274292,47742.6640625,15704.26953125,0.6660841703414917,0.33327120542526245,0.06249169260263443,2023,2505,MA,19.0,1.0,2.0
0.09489312767982483,47444.37890625,16509.2109375,0.6740413904190063,0.3253971040248871,0.06187168508768082,2024,2505,MA,19.0,1.0,2.0
0.09845097362995148,47471.28515625,17430.392578125,0.6817989349365234,0.31722766160964966,0.06175556033849716,2025,2505,MA,19.0,1.0,2.0
0.09324081987142563,51614.69921875,15792.5712890625,0.6408443450927734,0.3589349091053009,0.06711192429065704,2021,2506,MA,19.0,1.0,2.0
0.09454106539487839,49214.09375,16239.125,0.6399887204170227,0.35947614908218384,0.06435270607471466,2022,2506,MA,19.0,1.0,2.0
0.09582150727510452,48250.546875,16787.07421875,0.6465982794761658,0.3526560664176941,0.0630660355091095,2023,2506,MA,19.0,1.0,2.0
0.09746886789798737,47548.953125,17397.9375,0.6538639068603516,0.34519094228744507,0.0619274377822876,2024,2506,MA,19.0,1.0,2.0
0.09957467019557953,47303.50390625,18053.28515625,0.6605349183082581,0.337981253862381,0.06152860075235367,2025,2506,MA,19.0,1.0,2.0
0.15198643505573273,106080.5390625,22251.123046875,0.7071704268455505,0.29261401295661926,0.14188143610954285,2021,2507,MA,19.0,1.0,2.0
0.14635351300239563,100279.296875,22142.3046875,0.7043073773384094,0.2958753705024719,0.13366924226284027,2022,2507,MA,19.0,1.0,2.0
0.13998132944107056,94441.8984375,21845.984375,0.7019286751747131,0.2977994978427887,0.12582799792289734,2023,2507,MA,19.0,1.0,2.0
0.13442666828632355,88381.78125,21554.150390625,0.7005205154418945,0.29832661151885986,0.11704473942518234,2024,2507,MA,19.0,1.0,2.0
0.12969067692756653,83272.8125,21234.716796875,0.7018343806266785,0.2973053753376007,0.10997097939252853,2025,2507,MA,19.0,1.0,2.0
0.09790284931659698,60411.7421875,16009.7470703125,0.593315839767456,0.4035808742046356,0.0806664302945137,2021,2508,MA,19.0,1.0,2.0
0.09729868918657303,57414.203125,16219.1259765625,0.5939691662788391,0.40344440937042236,0.07655509561300278,2022,2508,MA,19.0,1.0,2.0
0.09583242982625961,54922.63671875,16286.0537109375,0.5980305075645447,0.39997345209121704,0.0726880431175232,2023,2508,MA,19.0,1.0,2.0
0.09468323737382889,52706.28125,16370.1552734375,0.6025602221488953,0.39625704288482666,0.0691637322306633,2024,2508,MA,19.0,1.0,2.0
0.09413299709558487,50905.4453125,16621.228515625,0.6067324280738831,0.3923463821411133,0.0663539469242096,2025,2508,MA,19.0,1.0,2.0
0.11710191518068314,58783.4296875,17934.056640625,0.7465313076972961,0.256003201007843,0.07705283910036087,2021,2509,MA,19.0,1.0,2.0
0.1195170134305954,57131.3671875,18387.8515625,0.752386212348938,0.24935725331306458,0.07604458183050156,2022,2509,MA,19.0,1.0,2.0
0.12191489338874817,56803.9375,18967.802734375,0.7657120823860168,0.2357357144355774,0.0760902538895607,2023,2509,MA,19.0,1.0,2.0
0.1249355673789978,57025.4296875,19735.9921875,0.7790002226829529,0.2220955491065979,0.07683375477790833,2024,2509,MA,19.0,1.0,2.0
0.12807096540927887,57406.18359375,20476.072265625,0.7905403971672058,0.2098824679851532,0.07771676033735275,2025,2509,MA,19.0,1.0,2.0
0.14771874248981476,83752.890625,19437.208984375,0.7884223461151123,0.21437154710292816,0.11906081438064575,2021,2601,MI,22.0,1.0,2.0
0.14493651688098907,80108.7265625,19649.126953125,0.7903013825416565,0.2132696658372879,0.11349017918109894,2022,2601,MI,22.0,1.0,2.0
0.14197133481502533,77213.90625,19773.140625,0.793819785118103,0.21012000739574432,0.10872140526771545,2023,2601,MI,22.0,1.0,2.0
0.13970039784908295,74549.859375,19886.306640625,0.7976247668266296,0.2065301388502121,0.10412656515836716,2024,2601,MI,22.0,1.0,2.0
0.13831885159015656,72167.46875,20015.66796875,0.8020715117454529,0.20201227068901062,0.10033437609672546,2025,2601,MI,22.0,1.0,2.0
0.12226096540689468,75626.3125,20416.6875,0.7708597183227539,0.23305325210094452,0.09784645587205887,2021,2602,MI,22.0,1.0,2.0
0.12488933652639389,72683.2109375,20629.13671875,0.7733123302459717,0.2307022362947464,0.09484060108661652,2022,2602,MI,22.0,1.0,2.0
0.12610559165477753,71022.03125,20705.287109375,0.7824644446372986,0.2218679040670395,0.09298869967460632,2023,2602,MI,22.0,1.0,2.0
0.1275845319032669,69730.5546875,20802.908203125,0.7911041378974915,0.2131342887878418,0.09169673919677734,2024,2602,MI,22.0,1.0,2.0
0.129380464553833,68611.0390625,20940.001953125,0.799207866191864,0.20444689691066742,0.09085213392972946,2025,2602,MI,22.0,1.0,2.0
0.1292596012353897,81458.359375,22295.634765625,0.7417439818382263,0.26010364294052124,0.10528097301721573,2021,2603,MI,22.0,1.0,2.0
0.1281505823135376,77456.5,21918.9296875,0.7457032203674316,0.25678542256355286,0.10064267367124557,2022,2603,MI,22.0,1.0,2.0
0.1270294487476349,74742.078125,21650.828125,0.7532199025154114,0.24973908066749573,0.09737636148929596,2023,2603,MI,22.0,1.0,2.0
0.12664489448070526,72463.9921875,21460.83203125,0.761353611946106,0.24203303456306458,0.09434490650892258,2024,2603,MI,22.0,1.0,2.0
0.12691493332386017,70560.0390625,21316.013671875,0.7690667510032654,0.23453406989574432,0.09227798134088516,2025,2603,MI,22.0,1.0,2.0
0.14512693881988525,85572.1953125,20505.7109375,0.7784287929534912,0.22342953085899353,0.11841198056936264,2021,2604,MI,22.0,1.0,2.0
0.14266152679920197,82001.203125,20534.396484375,0.7831900119781494,0.21933944523334503,0.11364087462425232,2022,2604,MI,22.0,1.0,2.0
0.13986527919769287,79236.34375,20541.2421875,0.787638247013092,0.21541061997413635,0.10955535620450974,2023,2604,MI,22.0,1.0,2.0
0.13772664964199066,76510.4296875,20540.162109375,0.7916998863220215,0.21177129447460175,0.10504671931266785,2024,2604,MI,22.0,1.0,2.0
0.13642437756061554,74004.4453125,20509.48828125,0.7961609959602356,0.2077563852071762,0.10120538622140884,2025,2604,MI,22.0,1.0,2.0
0.19033853709697723,111850.9140625,28586.05859375,0.7273857593536377,0.2740318179130554,0.14744549989700317,2021,2605,MI,22.0,1.0,2.0
0.1773289442062378,107639.0625,26646.91015625,0.7270358204841614,0.2751324474811554,0.141743466258049,2022,2605,MI,22.0,1.0,2.0
0.1663089543581009,102745.34375,24996.212890625,0.7249081134796143,0.27563485503196716,0.13588976860046387,2023,2605,MI,22.0,1.0,2.0
0.15701816976070404,97279.8515625,23720.16796875,0.7234427332878113,0.27595600485801697,0.12973950803279877,2024,2605,MI,22.0,1.0,2.0
0.14906270802021027,91803.8046875,22750.96875,0.7233806848526001,0.2759753167629242,0.12346303462982178,2025,2605,MI,22.0,1.0,2.0
0.1395132690668106,85921.5625,22192.5234375,0.7550226449966431,0.2459573745727539,0.11405249685049057,2021,2606,MI,22.0,1.0,2.0
0.1364668905735016,81633.1953125,21839.923828125,0.7597969174385071,0.2421344816684723,0.10878642648458481,2022,2606,MI,22.0,1.0,2.0
0.13410145044326782,78396.1484375,21570.974609375,0.7658136487007141,0.23673929274082184,0.10438650101423264,2023,2606,MI,22.0,1.0,2.0
0.13251614570617676,75627.8828125,21343.380859375,0.7718343734741211,0.23126372694969177,0.10068168491125107,2024,2606,MI,22.0,1.0,2.0
0.131657674908638,73180.5,21167.658203125,0.7777993083000183,0.22581197321414948,0.09718257188796997,2025,2606,MI,22.0,1.0,2.0
0.13354355096817017,75507.9453125,20506.48828125,0.7531830668449402,0.24803701043128967,0.10131730139255524,2021,2607,MI,22.0,1.0,2.0
0.13189558684825897,71990.2578125,20463.666015625,0.7597894668579102,0.24247029423713684,0.09691224992275238,2022,2607,MI,22.0,1.0,2.0
0.13075493276119232,69767.5859375,20453.583984375,0.7683485746383667,0.23450803756713867,0.09395808726549149,2023,2607,MI,22.0,1.0,2.0
0.13041278719902039,67967.2734375,20517.107421875,0.7765457630157471,0.22652201354503632,0.0915224701166153,2024,2607,MI,22.0,1.0,2.0
0.13076864182949066,66469.6015625,20600.716796875,0.7840971350669861,0.21867553889751434,0.08953121304512024,2025,2607,MI,22.0,1.0,2.0
0.11001396924257278,73168.4453125,18183.423828125,0.5975813269615173,0.39987969398498535,0.09598442912101746,2021,2608,MI,22.0,1.0,2.0
0.10739409923553467,67944.5859375,17954.921875,0.5960187315940857,0.40131017565727234,0.08903859555721283,2022,2608,MI,22.0,1.0,2.0
0.10447566211223602,64203.00390625,17714.6171875,0.6008769869804382,0.396808922290802,0.08421233296394348,2023,2608,MI,22.0,1.0,2.0
0.10216490924358368,61192.328125,17568.94140625,0.6052324175834656,0.3928864598274231,0.08020046353340149,2024,2608,MI,22.0,1.0,2.0
0.10036277025938034,58613.8125,17462.171875,0.6087211966514587,0.38996419310569763,0.07671771198511124,2025,2608,MI,22.0,1.0,2.0
0.1389467865228653,87929.2578125,20281.884765625,0.6601437926292419,0.33789345622062683,0.11935105919837952,2021,2609,MI,22.0,1.0,2.0
0.1324874460697174,82851.0390625,20014.64453125,0.6611925363540649,0.3371155858039856,0.11206673085689545,2022,2609,MI,22.0,1.0,2.0
0.1268807053565979,78212.3828125,19726.154296875,0.6618083119392395,0.33721277117729187,0.10533695667982101,2023,2609,MI,22.0,1.0,2.0
0.122163787484169,73835.125,19434.388671875,0.6631096601486206,0.33591651916503906,0.09882266819477081,2024,2609,MI,22.0,1.0,2.0
0.11855747550725937,69968.53125,19150.48046875,0.6649993658065796,0.3341306746006012,0.09328261762857437,2025,2609,MI,22.0,1.0,2.0
0.12445487827062607,72440.9453125,19737.0,0.7106863856315613,0.28963562846183777,0.09590686112642288,2021,2610,MI,22.0,1.0,2.0
0.12231718748807907,68270.8984375,19612.818359375,0.7145549654960632,0.28631827235221863,0.09070958197116852,2022,2610,MI,22.0,1.0,2.0
0.120977982878685,65802.9453125,19536.328125,0.723360002040863,0.2781131863594055,0.08743561059236526,2023,2610,MI,22.0,1.0,2.0
0.12057444453239441,63867.41796875,19543.255859375,0.7319864630699158,0.2697020173072815,0.08503258228302002,2024,2610,MI,22.0,1.0,2.0
0.12098609656095505,62260.75,19658.60546875,0.7403210997581482,0.2613365948200226,0.08303995430469513,2025,2610,MI,22.0,1.0,2.0
0.08254891633987427,52488.75,13997.41015625,0.5690617561340332,0.42879220843315125,0.06832966208457947,2021,2611,MI,22.0,1.0,2.0
0.08326735347509384,47750.1796875,14063.71484375,0.5621918439865112,0.43509021401405334,0.0636368989944458,2022,2611,MI,22.0,1.0,2.0
0.08283654600381851,45506.46875,14220.287109375,0.5675522685050964,0.42988714575767517,0.06070532649755478,2023,2611,MI,22.0,1.0,2.0
0.08272231370210648,44001.87109375,14482.1103515625,0.5723918080329895,0.42565619945526123,0.058343954384326935,2024,2611,MI,22.0,1.0,2.0
0.08329946547746658,42636.98828125,14888.3837890625,0.575480043888092,0.42258888483047485,0.05627923458814621,2025,2611,MI,22.0,1.0,2.0
0.1442377120256424,93489.90625,21952.650390625,0.7069975733757019,0.29180753231048584,0.1244012638926506,2021,2612,MI,22.0,1.0,2.0
0.13773295283317566,87521.1796875,21432.06640625,0.7086695432662964,0.28982293605804443,0.11687089502811432,2022,2612,MI,22.0,1.0,2.0
0.1325819343328476,82470.8671875,21063.53515625,0.7122745513916016,0.2870391309261322,0.11015726625919342,2023,2612,MI,22.0,1.0,2.0
0.1284751445055008,77921.53125,20752.5078125,0.7155531048774719,0.2848320007324219,0.10412571579217911,2024,2612,MI,22.0,1.0,2.0
0.1255822330713272,73936.5,20443.3125,0.7187342643737793,0.2821589708328247,0.0986136868596077,2025,2612,MI,22.0,1.0,2.0
0.2219904363155365,144487.453125,36759.81640625,0.6611688137054443,0.33978527784347534,0.19445830583572388,2021,2613,MI,22.0,1.0,2.0
0.19960036873817444,132097.15625,33141.9375,0.6402066946029663,0.3594602644443512,0.17376278340816498,2022,2613,MI,22.0,1.0,2.0
0.18368279933929443,121543.2109375,30535.853515625,0.6198455691337585,0.3784441649913788,0.1557711362838745,2023,2613,MI,22.0,1.0,2.0
0.17355018854141235,113986.859375,28849.162109375,0.6102754473686218,0.3891083598136902,0.1438566893339157,2024,2613,MI,22.0,1.0,2.0
0.16624730825424194,108317.7265625,27527.0859375,0.6067107915878296,0.3928365707397461,0.1368352770805359,2025,2613,MI,22.0,1.0,2.0
0.1827293187379837,128172.5390625,30769.06640625,0.5898324847221375,0.4071372151374817,0.16837836802005768,2021,2614,MI,22.0,1.0,2.0
0.17452175915241241,123023.265625,29826.724609375,0.5911318063735962,0.40553152561187744,0.15829654037952423,2022,2614,MI,22.0,1.0,2.0
0.16888917982578278,116373.09375,28795.607421875,0.5824075937271118,0.4158402383327484,0.14737915992736816,2023,2614,MI,22.0,1.0,2.0
0.16154615581035614,108632.0625,27309.421875,0.5763609409332275,0.4215813875198364,0.13738632202148438,2024,2614,MI,22.0,1.0,2.0
0.1539764255285263,102071.7578125,25842.5546875,0.5773608088493347,0.42125189304351807,0.1305186152458191,2025,2614,MI,22.0,1.0,2.0
0.12738318741321564,56522.33203125,21201.9140625,0.7941087484359741,0.2062656581401825,0.07112635672092438,2021,2701,MN,23.0,0.0,0.0
0.13118508458137512,57164.74609375,21396.8828125,0.7901789546012878,0.2085070013999939,0.07421176880598068,2022,2701,MN,23.0,0.0,0.0
0.13398797810077667,59305.1796875,21872.2734375,0.7965869307518005,0.20223475992679596,0.07791716605424881,2023,2701,MN,23.0,0.0,0.0
0.1363787204027176,61510.55078125,22397.84375,0.8013957738876343,0.1980893462896347,0.08171886950731277,2024,2701,MN,23.0,0.0,0.0
0.13851317763328552,63527.18359375,22878.72265625,0.8044434785842896,0.195826455950737,0.08496950566768646,2025,2701,MN,23.0,0.0,0.0
0.09667729586362839,42282.390625,18430.82421875,0.5414361953735352,0.4549104869365692,0.05628148466348648,2021,2702,MN,23.0,0.0,0.0
0.09364401549100876,40259.7265625,18299.53515625,0.5374796986579895,0.4583592116832733,0.05303162336349487,2022,2702,MN,23.0,0.0,0.0
0.09116410464048386,38240.625,18140.5234375,0.535137951374054,0.46038711071014404,0.04998557269573212,2023,2702,MN,23.0,0.0,0.0
0.08917804062366486,36283.87109375,18059.607421875,0.5326574444770813,0.4626038074493408,0.04699912667274475,2024,2702,MN,23.0,0.0,0.0
0.08761677145957947,34548.03125,18004.87109375,0.5303009152412415,0.4647512435913086,0.0444946363568306,2025,2702,MN,23.0,0.0,0.0
0.08632879704236984,40750.98046875,16436.330078125,0.5229017734527588,0.4745686650276184,0.05356348305940628,2021,2703,MN,23.0,0.0,0.0
0.08376279473304749,38029.765625,16298.427734375,0.5164450407028198,0.4801020324230194,0.0497802272439003,2022,2703,MN,23.0,0.0,0.0
0.08147414028644562,35335.06640625,16149.734375,0.5138214230537415,0.4823620915412903,0.04595640301704407,2023,2703,MN,23.0,0.0,0.0
0.08015846461057663,33579.0390625,16236.048828125,0.5129722356796265,0.48290228843688965,0.043388672173023224,2024,2703,MN,23.0,0.0,0.0
0.07928353548049927,31978.076171875,16350.216796875,0.5113345384597778,0.48439139127731323,0.04101128876209259,2025,2703,MN,23.0,0.0,0.0
0.1377258449792862,67298.2421875,23435.53515625,0.7689889669418335,0.23084771633148193,0.08796042203903198,2021,2704,MN,23.0,0.0,0.0
0.1372264325618744,66579.0,23181.5390625,0.769425630569458,0.23016013205051422,0.08780541270971298,2022,2704,MN,23.0,0.0,0.0
0.13732774555683136,66295.4296875,23179.951171875,0.7725030779838562,0.2268504500389099,0.0879163146018982,2023,2704,MN,23.0,0.0,0.0
0.13767629861831665,66218.5390625,23235.728515625,0.7755709886550903,0.22372175753116608,0.08792579919099808,2024,2704,MN,23.0,0.0,0.0
0.13817907869815826,66307.25,23313.6796875,0.7784222364425659,0.22083349525928497,0.08810295164585114,2025,2704,MN,23.0,0.0,0.0
0.13891728222370148,76498.0,22580.890625,0.7541159987449646,0.24887017905712128,0.10343251377344131,2021,2705,MN,23.0,0.0,0.0
0.13587963581085205,73027.921875,22284.587890625,0.7514480352401733,0.25049665570259094,0.09803807735443115,2022,2705,MN,23.0,0.0,0.0
0.1344136893749237,70685.8046875,22177.55859375,0.7523530125617981,0.24894268810749054,0.09470859169960022,2023,2705,MN,23.0,0.0,0.0
0.13375262916088104,68713.34375,22162.46875,0.7531219124794006,0.247303307056427,0.09199213981628418,2024,2705,MN,23.0,0.0,0.0
0.1336924284696579,67498.1796875,22316.9140625,0.755089282989502,0.24480918049812317,0.09043294936418533,2025,2705,MN,23.0,0.0,0.0
0.10439644753932953,45052.6953125,19846.6875,0.5640077590942383,0.43175676465034485,0.06009698659181595,2021,2706,MN,23.0,0.0,0.0
0.1008119136095047,42776.6953125,19590.255859375,0.5618172287940979,0.43351444602012634,0.056609153747558594,2022,2706,MN,23.0,0.0,0.0
0.09836900234222412,41065.94921875,19487.4921875,0.560030996799469,0.43489208817481995,0.0539986714720726,2023,2706,MN,23.0,0.0,0.0
0.09648524969816208,39514.3671875,19443.623046875,0.5579356551170349,0.43666917085647583,0.051598794758319855,2024,2706,MN,23.0,0.0,0.0
0.09498857706785202,38067.43359375,19385.271484375,0.5556657910346985,0.43869394063949585,0.049489445984363556,2025,2706,MN,23.0,0.0,0.0
0.1396494060754776,61295.64453125,22772.9765625,0.8143024444580078,0.18715417385101318,0.08052484691143036,2021,2707,MN,23.0,0.0,0.0
0.14065653085708618,63031.99609375,22977.6875,0.8152561187744141,0.186496302485466,0.08410049229860306,2022,2707,MN,23.0,0.0,0.0
0.14196300506591797,64809.390625,23306.423828125,0.8166791796684265,0.1856164038181305,0.08726897835731506,2023,2707,MN,23.0,0.0,0.0
0.14301200211048126,66291.7734375,23620.787109375,0.816491425037384,0.1863921880722046,0.0894160121679306,2024,2707,MN,23.0,0.0,0.0
0.14355917274951935,67318.2890625,23844.92578125,0.8152531385421753,0.18787720799446106,0.0905652567744255,2025,2707,MN,23.0,0.0,0.0
0.1509750336408615,68253.8203125,23413.294921875,0.7759650349617004,0.2234315127134323,0.09509100019931793,2021,2708,MN,23.0,0.0,0.0
0.14690329134464264,67454.7890625,23327.748046875,0.7776488661766052,0.22153419256210327,0.09288754314184189,2022,2708,MN,23.0,0.0,0.0
0.14478902518749237,67062.296875,23360.1328125,0.7794668674468994,0.21962451934814453,0.0916583389043808,2023,2708,MN,23.0,0.0,0.0
0.1432211548089981,66570.8671875,23332.166015625,0.7803948521614075,0.21865476667881012,0.09020093828439713,2024,2708,MN,23.0,0.0,0.0
0.14212235808372498,66340.578125,23325.56640625,0.7816634178161621,0.21741509437561035,0.08941822499036789,2025,2708,MN,23.0,0.0,0.0
0.18503889441490173,115867.15625,32084.529296875,0.7187124490737915,0.2809418737888336,0.1534903347492218,2021,2801,MS,25.0,0.0,0.0
0.1733996719121933,108965.8984375,29774.0546875,0.7095999717712402,0.29032352566719055,0.1433679163455963,2022,2801,MS,25.0,0.0,0.0
0.16402678191661835,103172.765625,28151.705078125,0.7055677771568298,0.2938246428966522,0.1361301839351654,2023,2801,MS,25.0,0.0,0.0
0.15581977367401123,97382.8515625,26800.02734375,0.7024886012077332,0.2966959774494171,0.1294366717338562,2024,2801,MS,25.0,0.0,0.0
0.14800739288330078,91407.9375,25577.72265625,0.6996615529060364,0.29971787333488464,0.12195419520139694,2025,2801,MS,25.0,0.0,0.0
0.243162140250206,150783.96875,41310.31640625,0.6370682120323181,0.3626619875431061,0.21143479645252228,2021,2802,MS,25.0,0.0,0.0
0.2209497094154358,140697.953125,37079.390625,0.6126912236213684,0.3855249285697937,0.1950773149728775,2022,2802,MS,25.0,0.0,0.0
0.2030540257692337,129794.25,33785.91796875,0.5903134942054749,0.40872615575790405,0.17880381643772125,2023,2802,MS,25.0,0.0,0.0
0.18698126077651978,120060.34375,31033.166015625,0.5738450884819031,0.4250960350036621,0.16295039653778076,2024,2802,MS,25.0,0.0,0.0
0.17317155003547668,111741.0234375,28843.640625,0.5622204542160034,0.4357368052005768,0.14871060848236084,2025,2802,MS,25.0,0.0,0.0
0.1854110062122345,121058.296875,31475.3828125,0.670003354549408,0.32604333758354187,0.1603449285030365,2021,2803,MS,25.0,0.0,0.0
0.17395606637001038,114391.546875,29621.82421875,0.6610579490661621,0.3358619213104248,0.15042781829833984,2022,2803,MS,25.0,0.0,0.0
0.1642601490020752,108690.953125,28210.775390625,0.6547432541847229,0.34344321489334106,0.1421472430229187,2023,2803,MS,25.0,0.0,0.0
0.15484493970870972,102444.46875,26723.796875,0.6501583456993103,0.34932205080986023,0.13471904397010803,2024,2803,MS,25.0,0.0,0.0
0.14625027775764465,95733.7421875,25287.265625,0.6462662220001221,0.35302969813346863,0.12712089717388153,2025,2803,MS,25.0,0.0,0.0
0.22573702037334442,135488.921875,40345.22265625,0.7446228265762329,0.25456127524375916,0.18257775902748108,2021,2804,MS,25.0,0.0,0.0
0.20901140570640564,125362.1875,36488.11328125,0.72910475730896,0.2689458131790161,0.16821247339248657,2022,2804,MS,25.0,0.0,0.0
0.193669855594635,116963.1484375,33228.828125,0.7199498414993286,0.27867627143859863,0.1567247062921524,2023,2804,MS,25.0,0.0,0.0
0.18043191730976105,110440.5234375,30714.7734375,0.7124612927436829,0.2871141731739044,0.1466997116804123,2024,2804,MS,25.0,0.0,0.0
0.17004351317882538,105162.1484375,28965.44140625,0.7057753801345825,0.2938971221446991,0.13917303085327148,2025,2804,MS,25.0,0.0,0.0
0.1838396191596985,125848.9140625,30961.859375,0.5129480361938477,0.48684796690940857,0.17371900379657745,2021,2901,MO,24.0,0.0,0.0
0.17153403162956238,118071.15625,29597.689453125,0.5135815143585205,0.48428502678871155,0.15889079868793488,2022,2901,MO,24.0,0.0,0.0
0.1603090465068817,109023.8984375,28041.720703125,0.5091050863265991,0.4901106655597687,0.14501431584358215,2023,2901,MO,24.0,0.0,0.0
0.14875099062919617,99799.984375,26043.083984375,0.5052207112312317,0.49533894658088684,0.13411559164524078,2024,2901,MO,24.0,0.0,0.0
0.1373731791973114,90847.5703125,24039.33203125,0.503009021282196,0.4975101947784424,0.12346278876066208,2025,2901,MO,24.0,0.0,0.0
0.08167340606451035,51826.890625,14573.1044921875,0.43382903933525085,0.5665598511695862,0.06998324394226074,2021,2902,MO,24.0,0.0,0.0
0.07665576785802841,45158.55859375,14016.31640625,0.4334639310836792,0.565388023853302,0.05958843231201172,2022,2902,MO,24.0,0.0,0.0
0.07204526662826538,40187.28125,13524.880859375,0.4381686747074127,0.5596566200256348,0.052524641156196594,2023,2902,MO,24.0,0.0,0.0
0.06870950758457184,36183.97265625,13281.322265625,0.4431203305721283,0.5540863275527954,0.04682614654302597,2024,2902,MO,24.0,0.0,0.0
0.06623958051204681,32620.111328125,13159.810546875,0.4460689425468445,0.5508266687393188,0.04171916842460632,2025,2902,MO,24.0,0.0,0.0
0.12588900327682495,75134.1875,23023.373046875,0.5899810194969177,0.4093737304210663,0.10045737028121948,2021,2903,MO,24.0,0.0,0.0
0.11843487620353699,68550.859375,21932.626953125,0.5845189094543457,0.41463419795036316,0.09144195914268494,2022,2903,MO,24.0,0.0,0.0
0.11202184855937958,63422.65625,21003.439453125,0.5814233422279358,0.4170764088630676,0.0837341845035553,2023,2903,MO,24.0,0.0,0.0
0.10699868202209473,59011.6640625,20236.623046875,0.5784409046173096,0.4194112718105316,0.07766357809305191,2024,2903,MO,24.0,0.0,0.0
0.103074811398983,55228.2578125,19665.166015625,0.5757878422737122,0.42144787311553955,0.07264893501996994,2025,2903,MO,24.0,0.0,0.0
0.1567811816930771,97711.9296875,26390.53125,0.7324303984642029,0.2669849991798401,0.1310427039861679,2021,2904,MO,24.0,0.0,0.0
0.14911730587482452,90259.2578125,25247.447265625,0.728473961353302,0.2710890471935272,0.12119929492473602,2022,2904,MO,24.0,0.0,0.0
0.14273610711097717,84476.171875,24346.91015625,0.7286743521690369,0.2720820903778076,0.11331402510404587,2023,2904,MO,24.0,0.0,0.0
0.1380656361579895,79780.2265625,23675.8984375,0.7282925844192505,0.2732274532318115,0.10688775032758713,2024,2904,MO,24.0,0.0,0.0
0.134439617395401,75606.7578125,23115.236328125,0.7269408702850342,0.2745817005634308,0.10114503651857376,2025,2904,MO,24.0,0.0,0.0
0.14967769384384155,101524.0234375,26480.296875,0.6236041784286499,0.3758203089237213,0.13325370848178864,2021,2905,MO,24.0,0.0,0.0
0.14174307882785797,94444.3359375,25112.419921875,0.6183444261550903,0.3805648386478424,0.12561708688735962,2022,2905,MO,24.0,0.0,0.0
0.13350699841976166,87060.8203125,23765.32421875,0.6134260296821594,0.385176420211792,0.11633995920419693,2023,2905,MO,24.0,0.0,0.0
0.12556271255016327,79721.2734375,22547.73046875,0.6096760630607605,0.3891405165195465,0.10673145949840546,2024,2905,MO,24.0,0.0,0.0
0.1188882440328598,73155.1953125,21633.52734375,0.606598973274231,0.39238202571868896,0.09769224375486374,2025,2905,MO,24.0,0.0,0.0
0.12312299013137817,74865.53125,22425.365234375,0.6621612906455994,0.3391638994216919,0.09853823482990265,2021,2906,MO,24.0,0.0,0.0
0.11865486949682236,68137.390625,21447.291015625,0.6513494849205017,0.3487006723880768,0.09007241576910019,2022,2906,MO,24.0,0.0,0.0
0.11510544270277023,64078.19921875,20845.861328125,0.6489791870117188,0.3502388894557953,0.08485644310712814,2023,2906,MO,24.0,0.0,0.0
0.11285916715860367,61125.59375,20571.294921875,0.647251307964325,0.3512958586215973,0.08109413832426071,2024,2906,MO,24.0,0.0,0.0
0.11133728176355362,58674.22265625,20450.390625,0.6452864408493042,0.3527251183986664,0.07784458994865417,2025,2906,MO,24.0,0.0,0.0
0.16384844481945038,98992.875,27292.447265625,0.7808788418769836,0.22384431958198547,0.13381177186965942,2021,2907,MO,24.0,0.0,0.0
0.15748529136180878,92093.375,26088.3671875,0.7715739011764526,0.23135337233543396,0.12466184049844742,2022,2907,MO,24.0,0.0,0.0
0.1516904979944229,87337.40625,25234.916015625,0.7675608992576599,0.23461633920669556,0.11840038746595383,2023,2907,MO,24.0,0.0,0.0
0.14693956077098846,83190.4375,24576.474609375,0.7641099095344543,0.2377607375383377,0.11266717314720154,2024,2907,MO,24.0,0.0,0.0
0.1431092619895935,79395.640625,24093.98046875,0.7616968154907227,0.24059326946735382,0.10732340812683105,2025,2907,MO,24.0,0.0,0.0
0.1963932067155838,113936.296875,31645.75,0.7639334797859192,0.23857204616069794,0.1571836769580841,2021,2908,MO,24.0,0.0,0.0
0.18503619730472565,107792.0703125,29759.751953125,0.7568275928497314,0.2452659010887146,0.14765766263008118,2022,2908,MO,24.0,0.0,0.0
0.1756390482187271,102742.9375,28391.201171875,0.7503401637077332,0.25069111585617065,0.14010600745677948,2023,2908,MO,24.0,0.0,0.0
0.16640979051589966,97040.3203125,27074.880859375,0.7438133358955383,0.2554693818092346,0.13240854442119598,2024,2908,MO,24.0,0.0,0.0
0.1576072722673416,91050.5625,25838.912109375,0.7390431761741638,0.2599075436592102,0.1243152916431427,2025,2908,MO,24.0,0.0,0.0
0.15761475265026093,108681.0546875,33371.609375,0.6241199970245361,0.37877193093299866,0.12861251831054688,2021,3000,MT,26.0,1.0,2.0
0.1519239991903305,105129.9375,31173.052734375,0.6159918308258057,0.3864588141441345,0.12669095396995544,2022,3000,MT,26.0,1.0,2.0
0.14490842819213867,99905.09375,29002.44140625,0.6247674226760864,0.37639161944389343,0.12263056635856628,2023,3000,MT,26.0,1.0,2.0
0.13944849371910095,95823.9140625,27377.296875,0.628949761390686,0.37188923358917236,0.11852214485406876,2024,3000,MT,26.0,1.0,2.0
0.1347683072090149,91870.9609375,25923.916015625,0.629884660243988,0.37078872323036194,0.11457334458827972,2025,3000,MT,26.0,1.0,2.0
0.15095704793930054,73194.921875,24757.373046875,0.6121761798858643,0.38759899139404297,0.10352331399917603,2021,3101,NE,29.0,0.0,0.0
0.1402912139892578,67500.8828125,23621.658203125,0.6081435084342957,0.39103028178215027,0.09498611837625504,2022,3101,NE,29.0,0.0,0.0
0.13116435706615448,62618.90234375,22637.833984375,0.6051875948905945,0.39314013719558716,0.08733316510915756,2023,3101,NE,29.0,0.0,0.0
0.12383437156677246,58355.984375,21791.91015625,0.6013869047164917,0.39630815386772156,0.08029596507549286,2024,3101,NE,29.0,0.0,0.0
0.11819344013929367,55105.515625,21167.5546875,0.5981669425964355,0.3988438546657562,0.07546178251504898,2025,3101,NE,29.0,0.0,0.0
0.14470046758651733,73923.375,25521.5234375,0.5694229006767273,0.4298587739467621,0.10165295749902725,2021,3102,NE,29.0,0.0,0.0
0.13458384573459625,68528.484375,24072.037109375,0.5685228109359741,0.4301324188709259,0.09389564394950867,2022,3102,NE,29.0,0.0,0.0
0.12542939186096191,63374.22265625,22795.306640625,0.5655391216278076,0.4327492415904999,0.08647599071264267,2023,3102,NE,29.0,0.0,0.0
0.11773937195539474,58770.48046875,21666.703125,0.5621505975723267,0.43572452664375305,0.07926490157842636,2024,3102,NE,29.0,0.0,0.0
0.11153783649206161,54719.0546875,20759.392578125,0.5586645007133484,0.43877682089805603,0.07343634963035583,2025,3102,NE,29.0,0.0,0.0
0.1639232486486435,70485.640625,25363.857421875,0.7191108465194702,0.2794748544692993,0.10059338808059692,2021,3103,NE,29.0,0.0,0.0
0.1538233906030655,65908.9765625,24380.384765625,0.7194343209266663,0.2787209451198578,0.09353754669427872,2022,3103,NE,29.0,0.0,0.0
0.14705036580562592,62925.2890625,23750.15234375,0.722278356552124,0.27504533529281616,0.08874572068452835,2023,3103,NE,29.0,0.0,0.0
0.14235246181488037,60913.421875,23311.013671875,0.7244941592216492,0.27251937985420227,0.08530277758836746,2024,3103,NE,29.0,0.0,0.0
0.13906773924827576,59415.6796875,22933.986328125,0.7261303663253784,0.2709137201309204,0.08264454454183578,2025,3103,NE,29.0,0.0,0.0
0.22225287556648254,110693.75,33627.1171875,0.7832054495811462,0.21660231053829193,0.1537940800189972,2021,3201,NV,33.0,1.0,2.0
0.2072385847568512,106102.3359375,30847.345703125,0.7863012552261353,0.21576371788978577,0.14614543318748474,2022,3201,NV,33.0,1.0,2.0
0.193671315908432,101197.3046875,28249.666015625,0.7907111644744873,0.21334712207317352,0.14032837748527527,2023,3201,NV,33.0,1.0,2.0
0.18078987300395966,95735.0,25809.279296875,0.7926400303840637,0.212134450674057,0.13442362844944,2024,3201,NV,33.0,1.0,2.0
0.16882626712322235,89578.484375,23473.8671875,0.7922660112380981,0.21245841681957245,0.12775661051273346,2025,3201,NV,33.0,1.0,2.0
0.15766312181949615,75274.296875,23968.19140625,0.6065974235534668,0.39349687099456787,0.10612338781356812,2021,3202,NV,33.0,1.0,2.0
0.14641140401363373,70955.171875,22335.55078125,0.6030735373497009,0.39701247215270996,0.09976967424154282,2022,3202,NV,33.0,1.0,2.0
0.13601501286029816,66512.9765625,20985.3359375,0.598586916923523,0.40135395526885986,0.09278576821088791,2023,3202,NV,33.0,1.0,2.0
0.12719541788101196,62273.33984375,19797.05859375,0.5958777666091919,0.40413257479667664,0.08649130910634995,2024,3202,NV,33.0,1.0,2.0
0.1199648529291153,58508.8125,18861.1953125,0.5938942432403564,0.4060446619987488,0.08128222078084946,2025,3202,NV,33.0,1.0,2.0
0.15071187913417816,83421.5234375,26273.1953125,0.5039692521095276,0.4963986873626709,0.10901108384132385,2021,3203,NV,33.0,1.0,2.0
0.1368888020515442,76452.6015625,23481.890625,0.5014787316322327,0.49791598320007324,0.1007930114865303,2022,3203,NV,33.0,1.0,2.0
0.1257282942533493,70618.296875,21320.318359375,0.5026809573173523,0.4965813159942627,0.09373293817043304,2023,3203,NV,33.0,1.0,2.0
0.11679068952798843,65510.80859375,19623.744140625,0.5038737058639526,0.4949343502521515,0.08743391185998917,2024,3203,NV,33.0,1.0,2.0
0.10932180285453796,60719.93359375,18260.177734375,0.5051131248474121,0.4931563436985016,0.08157552033662796,2025,3203,NV,33.0,1.0,2.0
0.1892802119255066,96488.1328125,35269.8203125,0.6286250352859497,0.37159544229507446,0.12421735376119614,2021,3204,NV,33.0,1.0,2.0
0.1769201159477234,93023.234375,32729.94140625,0.6240503191947937,0.376698762178421,0.11968731135129929,2022,3204,NV,33.0,1.0,2.0
0.16487957537174225,88828.9921875,30228.46875,0.621879518032074,0.380112886428833,0.1142512857913971,2023,3204,NV,33.0,1.0,2.0
0.15339653193950653,84112.53125,27746.533203125,0.6196499466896057,0.38161465525627136,0.10878965258598328,2024,3204,NV,33.0,1.0,2.0
0.1429232954978943,79507.0546875,25397.201171875,0.6178001761436462,0.38303446769714355,0.10378941893577576,2025,3204,NV,33.0,1.0,2.0
0.11779499799013138,58467.15234375,17225.416015625,0.5772152543067932,0.42340365052223206,0.08163047581911087,2021,3301,NH,30.0,1.0,2.0
0.1101394072175026,53755.0859375,16658.873046875,0.5740118622779846,0.4260835647583008,0.07484813034534454,2022,3301,NH,30.0,1.0,2.0
0.10507102310657501,50165.296875,16342.47265625,0.5741612315177917,0.4255056381225586,0.07000266015529633,2023,3301,NH,30.0,1.0,2.0
0.10142775624990463,47295.89453125,16137.0927734375,0.573392927646637,0.42572206258773804,0.06618809700012207,2024,3301,NH,30.0,1.0,2.0
0.09866324812173843,44778.453125,15989.498046875,0.5719683170318604,0.4266667366027832,0.06282741576433182,2025,3301,NH,30.0,1.0,2.0
0.11215822398662567,55155.4453125,15814.748046875,0.531899631023407,0.4672519564628601,0.0784107968211174,2021,3302,NH,30.0,1.0,2.0
0.10471668094396591,51083.2421875,15599.1201171875,0.5326598286628723,0.46650969982147217,0.07163437455892563,2022,3302,NH,30.0,1.0,2.0
0.0995241105556488,47685.703125,15430.4140625,0.5320632457733154,0.46674615144729614,0.06656646728515625,2023,3302,NH,30.0,1.0,2.0
0.09541419893503189,44630.2890625,15252.859375,0.5310089588165283,0.4673095941543579,0.06221070885658264,2024,3302,NH,30.0,1.0,2.0
0.09211643040180206,41725.00390625,15072.9755859375,0.529920220375061,0.46812745928764343,0.058273181319236755,2025,3302,NH,30.0,1.0,2.0
0.13677628338336945,75875.578125,21998.908203125,0.6860219836235046,0.31530407071113586,0.102741539478302,2021,3401,NJ,31.0,1.0,2.0
0.12993170320987701,71897.0703125,20917.40625,0.6893070340156555,0.3118989169597626,0.09742268919944763,2022,3401,NJ,31.0,1.0,2.0
0.1253015398979187,68169.3359375,20123.46875,0.6910251975059509,0.3101498782634735,0.09258797019720078,2023,3401,NJ,31.0,1.0,2.0
0.12194450199604034,64727.20703125,19485.38671875,0.6934293508529663,0.3076498210430145,0.08806905150413513,2024,3401,NJ,31.0,1.0,2.0
0.11963281035423279,61553.95703125,18968.572265625,0.6969349980354309,0.30400535464286804,0.08396153897047043,2025,3401,NJ,31.0,1.0,2.0
0.1534562110900879,74506.796875,22708.10546875,0.7864611744880676,0.21526364982128143,0.10511337220668793,2021,3402,NJ,31.0,1.0,2.0
0.14796650409698486,71005.3203125,21665.4375,0.7913943529129028,0.210911363363266,0.10071098804473877,2022,3402,NJ,31.0,1.0,2.0
0.14437788724899292,67921.4140625,20948.408203125,0.7975776195526123,0.20509083569049835,0.09656964242458344,2023,3402,NJ,31.0,1.0,2.0
0.14212624728679657,65489.80859375,20469.421875,0.8033835887908936,0.19958142936229706,0.09310358017683029,2024,3402,NJ,31.0,1.0,2.0
0.14083212614059448,63593.515625,20167.775390625,0.8101686835289001,0.19296863675117493,0.09054286032915115,2025,3402,NJ,31.0,1.0,2.0
0.10539572685956955,53930.06640625,16763.533203125,0.5767620801925659,0.4224051237106323,0.0748257264494896,2021,3403,NJ,31.0,1.0,2.0
0.10164600610733032,50885.65625,16258.1826171875,0.575671911239624,0.4232434332370758,0.07092316448688507,2022,3403,NJ,31.0,1.0,2.0
0.09865204244852066,48380.62109375,16011.0791015625,0.5753213763237,0.42349937558174133,0.06728682667016983,2023,3403,NJ,31.0,1.0,2.0
0.09645184874534607,46017.0546875,15960.4755859375,0.5743274092674255,0.42436084151268005,0.06365955621004105,2024,3403,NJ,31.0,1.0,2.0
0.09480608999729156,43721.4453125,15988.494140625,0.5729554891586304,0.42551499605178833,0.0602952241897583,2025,3403,NJ,31.0,1.0,2.0
0.12658679485321045,57385.2421875,21045.83984375,0.8190553188323975,0.18504753708839417,0.07439514249563217,2021,3404,NJ,31.0,1.0,2.0
0.13169372081756592,57055.4375,21022.98046875,0.8229888677597046,0.1804044097661972,0.07650353759527206,2022,3404,NJ,31.0,1.0,2.0
0.1349068582057953,57227.328125,21086.01953125,0.834033191204071,0.1685696542263031,0.07884854078292847,2023,3404,NJ,31.0,1.0,2.0
0.13745440542697906,57708.05859375,21264.92578125,0.8435434103012085,0.1594836711883545,0.08003566414117813,2024,3404,NJ,31.0,1.0,2.0
0.139723539352417,58332.5390625,21464.435546875,0.8526496887207031,0.15085755288600922,0.08146083354949951,2025,3404,NJ,31.0,1.0,2.0
0.07765703648328781,37138.51953125,13145.896484375,0.5000447630882263,0.49734678864479065,0.051591478288173676,2021,3405,NJ,31.0,1.0,2.0
0.0772586539387703,34014.72265625,13224.59765625,0.4954989552497864,0.5013453960418701,0.047526583075523376,2022,3405,NJ,31.0,1.0,2.0
0.07606314867734909,31744.412109375,13279.705078125,0.49577781558036804,0.5009392499923706,0.04424945265054703,2023,3405,NJ,31.0,1.0,2.0
0.07546413689851761,30046.955078125,13538.890625,0.49600616097450256,0.5005413889884949,0.041746288537979126,2024,3405,NJ,31.0,1.0,2.0
0.07524244487285614,28250.517578125,13895.564453125,0.4949261546134949,0.5015085339546204,0.03899668902158737,2025,3405,NJ,31.0,1.0,2.0
0.11769459396600723,60561.6171875,18650.869140625,0.709840714931488,0.2917264401912689,0.08181744068861008,2021,3406,NJ,31.0,1.0,2.0
0.1169646829366684,57553.5625,18400.775390625,0.7119276523590088,0.2889677882194519,0.07847774028778076,2022,3406,NJ,31.0,1.0,2.0
0.11699570715427399,55428.734375,18273.1015625,0.719544529914856,0.2811947762966156,0.07615432888269424,2023,3406,NJ,31.0,1.0,2.0
0.11774369329214096,53756.9453125,18288.2890625,0.7280743718147278,0.27266350388526917,0.07424565404653549,2024,3406,NJ,31.0,1.0,2.0
0.11909963190555573,52454.28515625,18423.37890625,0.7368019223213196,0.26391324400901794,0.07308366894721985,2025,3406,NJ,31.0,1.0,2.0
0.0748274177312851,33047.359375,13326.11328125,0.5437018871307373,0.45458951592445374,0.04493977874517441,2021,3407,NJ,31.0,1.0,2.0
0.07644877582788467,30618.041015625,13458.388671875,0.5329697728157043,0.46401166915893555,0.04300346225500107,2022,3407,NJ,31.0,1.0,2.0
0.07704995572566986,29132.244140625,13717.322265625,0.5331521034240723,0.46340787410736084,0.041220396757125854,2023,3407,NJ,31.0,1.0,2.0
0.0780293196439743,28214.361328125,14306.630859375,0.5333505868911743,0.46282559633255005,0.039809875190258026,2024,3407,NJ,31.0,1.0,2.0
0.07923080772161484,27175.001953125,14894.919921875,0.5318456888198853,0.4638828635215759,0.038319624960422516,2025,3407,NJ,31.0,1.0,2.0
0.13167934119701385,67029.4453125,20553.56640625,0.8805076479911804,0.1333838552236557,0.08830533176660538,2021,3408,NJ,31.0,1.0,2.0
0.1370268613100052,65072.68359375,20553.513671875,0.8763862252235413,0.13378679752349854,0.0892057940363884,2022,3408,NJ,31.0,1.0,2.0
0.14018601179122925,65290.3046875,20634.296875,0.8825604319572449,0.1273798644542694,0.09162095189094543,2023,3408,NJ,31.0,1.0,2.0
0.14271380007266998,65933.0859375,20771.62890625,0.886928379535675,0.12298311293125153,0.0938839539885521,2024,3408,NJ,31.0,1.0,2.0
0.14482463896274567,66512.1796875,20933.7109375,0.8899081945419312,0.11993204057216644,0.09558910131454468,2025,3408,NJ,31.0,1.0,2.0
0.13164712488651276,66490.984375,21125.927734375,0.8619221448898315,0.14865295588970184,0.086355060338974,2021,3409,NJ,31.0,1.0,2.0
0.1359090358018875,64307.60546875,20945.171875,0.8605400323867798,0.14764897525310516,0.0867660790681839,2022,3409,NJ,31.0,1.0,2.0
0.1389244794845581,64213.1328125,20973.287109375,0.8694475293159485,0.1385059952735901,0.08915132284164429,2023,3409,NJ,31.0,1.0,2.0
0.14123617112636566,64607.7734375,21064.99609375,0.8748834729194641,0.13328304886817932,0.09078550338745117,2024,3409,NJ,31.0,1.0,2.0
0.143406480550766,65107.171875,21172.294921875,0.8796766996383667,0.12860867381095886,0.09258405864238739,2025,3409,NJ,31.0,1.0,2.0
0.16340892016887665,115056.3125,29389.68359375,0.67657071352005,0.3228936195373535,0.14401912689208984,2021,3410,NJ,31.0,1.0,2.0
0.1600566804409027,113762.0078125,28416.748046875,0.6914454698562622,0.3098447322845459,0.14331506192684174,2022,3410,NJ,31.0,1.0,2.0
0.15588609874248505,109221.765625,27406.291015625,0.689582884311676,0.31113308668136597,0.1387788951396942,2023,3410,NJ,31.0,1.0,2.0
0.1477372795343399,102168.28125,25953.69140625,0.6800757646560669,0.3211279809474945,0.1312492936849594,2024,3410,NJ,31.0,1.0,2.0
0.14025725424289703,95882.0390625,24501.166015625,0.67916339635849,0.32257455587387085,0.12403758615255356,2025,3410,NJ,31.0,1.0,2.0
0.07813388109207153,35176.7109375,12968.853515625,0.4851856529712677,0.5125638246536255,0.048492223024368286,2021,3411,NJ,31.0,1.0,2.0
0.07618530839681625,31745.669921875,12934.55078125,0.4814411997795105,0.515318751335144,0.04445267468690872,2022,3411,NJ,31.0,1.0,2.0
0.07475261390209198,29677.767578125,13073.013671875,0.48280084133148193,0.5137777328491211,0.04151805490255356,2023,3411,NJ,31.0,1.0,2.0
0.07404837757349014,28016.072265625,13339.138671875,0.4834948778152466,0.5128791332244873,0.03914515674114227,2024,3411,NJ,31.0,1.0,2.0
0.07372496277093887,26171.455078125,13654.533203125,0.48264122009277344,0.5136299133300781,0.03640732914209366,2025,3411,NJ,31.0,1.0,2.0
0.10961954295635223,60562.828125,18030.779296875,0.6868062019348145,0.3130384087562561,0.08113634586334229,2021,3412,NJ,31.0,1.0,2.0
0.10960496962070465,57917.359375,17711.73828125,0.6895713210105896,0.3104170858860016,0.07835613191127777,2022,3412,NJ,31.0,1.0,2.0
0.10956992954015732,55827.12109375,17551.078125,0.6957293748855591,0.30488017201423645,0.07582072913646698,2023,3412,NJ,31.0,1.0,2.0
0.11039052158594131,54098.3515625,17636.3046875,0.7017331719398499,0.2989014983177185,0.0739913061261177,2024,3412,NJ,31.0,1.0,2.0
0.11167493462562561,52598.35546875,17830.7421875,0.7079801559448242,0.2924831509590149,0.07227234542369843,2025,3412,NJ,31.0,1.0,2.0
0.19238272309303284,94238.3203125,29020.716796875,0.6764196157455444,0.32273924350738525,0.13317374885082245,2021,3501,NM,32.0,0.0,0.0
0.17894084751605988,90028.0234375,27526.595703125,0.6745949387550354,0.32438820600509644,0.12653914093971252,2022,3501,NM,32.0,0.0,0.0
0.16775280237197876,84994.2265625,26263.5625,0.6709569692611694,0.3288060128688812,0.11973007768392563,2023,3501,NM,32.0,0.0,0.0
0.15697059035301208,79423.453125,24935.068359375,0.6666616201400757,0.33272773027420044,0.1118628978729248,2024,3501,NM,32.0,0.0,0.0
0.1464645266532898,73293.3359375,23646.009765625,0.6628732681274414,0.33691567182540894,0.103335902094841,2025,3501,NM,32.0,0.0,0.0
0.22520682215690613,104748.6328125,38574.36328125,0.7645549774169922,0.23572741448879242,0.1452479213476181,2021,3502,NM,32.0,0.0,0.0
0.21092933416366577,99484.765625,35842.66796875,0.7622154355049133,0.23786133527755737,0.13792631030082703,2022,3502,NM,32.0,0.0,0.0
0.19694828987121582,94706.2265625,33199.5859375,0.7591095566749573,0.24140384793281555,0.13054107129573822,2023,3502,NM,32.0,0.0,0.0
0.18357039988040924,89736.3671875,30663.970703125,0.7560954093933105,0.24364672601222992,0.12376824766397476,2024,3502,NM,32.0,0.0,0.0
0.17141740024089813,84741.6640625,28524.8515625,0.7536104321479797,0.2449151873588562,0.1168709546327591,2025,3502,NM,32.0,0.0,0.0
0.22516149282455444,105662.9921875,37797.2734375,0.7341569662094116,0.2655414640903473,0.147150918841362,2021,3503,NM,32.0,0.0,0.0
0.20760031044483185,98878.359375,34651.52734375,0.7285966277122498,0.27062785625457764,0.137726828455925,2022,3503,NM,32.0,0.0,0.0
0.1913195550441742,92456.6953125,31762.73828125,0.7242818474769592,0.2749652862548828,0.1278282105922699,2023,3503,NM,32.0,0.0,0.0
0.17707949876785278,86271.125,29293.833984375,0.7207711935043335,0.2771818935871124,0.1193956658244133,2024,3503,NM,32.0,0.0,0.0
0.1646091490983963,80697.75,27288.337890625,0.7187598943710327,0.2791556417942047,0.1118868887424469,2025,3503,NM,32.0,0.0,0.0
0.110307477414608,38007.58984375,18290.326171875,0.5326077938079834,0.4650939404964447,0.05503326654434204,2021,3601,NY,34.0,1.0,2.0
0.10437548160552979,33417.94921875,17550.6953125,0.5220272541046143,0.4746881127357483,0.04960259795188904,2022,3601,NY,34.0,1.0,2.0
0.10028647631406784,30846.181640625,17201.4453125,0.5204503536224365,0.47581568360328674,0.04613557457923889,2023,3601,NY,34.0,1.0,2.0
0.09730023145675659,29167.759765625,17074.833984375,0.5191015005111694,0.47684022784233093,0.04363871365785599,2024,3601,NY,34.0,1.0,2.0
0.09509892016649246,27811.853515625,17075.421875,0.5170930624008179,0.4785996377468109,0.041451141238212585,2025,3601,NY,34.0,1.0,2.0
0.10031154751777649,33838.6171875,16712.2421875,0.5254043340682983,0.47171977162361145,0.049428269267082214,2021,3602,NY,34.0,1.0,2.0
0.0977894738316536,30709.740234375,16815.763671875,0.5167921185493469,0.479549378156662,0.04536992311477661,2022,3602,NY,34.0,1.0,2.0
0.09521456807851791,28452.345703125,16827.630859375,0.5136571526527405,0.4822993576526642,0.0419900044798851,2023,3602,NY,34.0,1.0,2.0
0.09310412406921387,26898.080078125,16864.966796875,0.5115815997123718,0.4841374158859253,0.03966166824102402,2024,3602,NY,34.0,1.0,2.0
0.09139926731586456,25594.462890625,16905.46875,0.5096310973167419,0.48587554693222046,0.03772542625665665,2025,3602,NY,34.0,1.0,2.0
0.0906754583120346,30207.994140625,14764.8994140625,0.4689173102378845,0.5284980535507202,0.044024452567100525,2021,3603,NY,34.0,1.0,2.0
0.0875476598739624,27726.650390625,14878.5908203125,0.466776579618454,0.5303152799606323,0.04045472294092178,2022,3603,NY,34.0,1.0,2.0
0.08442191779613495,25509.994140625,14789.2861328125,0.4655922055244446,0.5312585234642029,0.03719206899404526,2023,3603,NY,34.0,1.0,2.0
0.08216671645641327,23905.392578125,14840.94140625,0.46480417251586914,0.5317612886428833,0.03474099189043045,2024,3603,NY,34.0,1.0,2.0
0.08049677312374115,22412.853515625,14901.6953125,0.4637497067451477,0.5325711965560913,0.0325503796339035,2025,3603,NY,34.0,1.0,2.0
0.09732913970947266,33889.65625,16794.228515625,0.575899064540863,0.4212430417537689,0.04924137145280838,2021,3604,NY,34.0,1.0,2.0
0.09653457999229431,30948.958984375,16665.5,0.5652408003807068,0.43057921528816223,0.046199023723602295,2022,3604,NY,34.0,1.0,2.0
0.09591507166624069,29259.845703125,16777.69140625,0.5645763874053955,0.4309009909629822,0.04390505701303482,2023,3604,NY,34.0,1.0,2.0
0.09583399444818497,28398.306640625,17093.220703125,0.5641733407974243,0.43104660511016846,0.042573004961013794,2024,3604,NY,34.0,1.0,2.0
0.09613693505525589,27690.314453125,17491.83203125,0.5626119375228882,0.432365745306015,0.04136957228183746,2025,3604,NY,34.0,1.0,2.0
0.15039095282554626,95583.5078125,26234.71484375,0.6017172336578369,0.39869213104248047,0.12325678765773773,2021,3605,NY,34.0,1.0,2.0
0.14425906538963318,93629.015625,25002.12109375,0.6016592979431152,0.3979836404323578,0.12193142622709274,2022,3605,NY,34.0,1.0,2.0
0.13574793934822083,86240.1171875,23176.2890625,0.5928019881248474,0.40669262409210205,0.11351770162582397,2023,3605,NY,34.0,1.0,2.0
0.12767885625362396,79502.7734375,21559.4453125,0.590088963508606,0.40902891755104065,0.10507640242576599,2024,3605,NY,34.0,1.0,2.0
0.12111430615186691,74046.265625,20337.025390625,0.5889175534248352,0.4097940921783447,0.09821383655071259,2025,3605,NY,34.0,1.0,2.0
0.14153940975666046,67152.7421875,20725.576171875,0.8019148111343384,0.20400911569595337,0.0910598486661911,2021,3606,NY,34.0,1.0,2.0
0.1394653171300888,62784.87109375,19889.875,0.8026722073554993,0.20196346938610077,0.08757293969392776,2022,3606,NY,34.0,1.0,2.0
0.13863235712051392,60774.953125,19469.109375,0.8122639656066895,0.19199374318122864,0.08662155270576477,2023,3606,NY,34.0,1.0,2.0
0.13857457041740417,59725.02734375,19321.392578125,0.8212125897407532,0.18282923102378845,0.08613916486501694,2024,3606,NY,34.0,1.0,2.0
0.13901445269584656,59060.8984375,19294.90625,0.8290330767631531,0.17486487329006195,0.08596224337816238,2025,3606,NY,34.0,1.0,2.0
0.1826537698507309,90578.34375,30467.79296875,0.8280004858970642,0.17812910676002502,0.12332227826118469,2021,3607,NY,34.0,1.0,2.0
0.16984757781028748,82942.3203125,27261.521484375,0.8319302201271057,0.17578770220279694,0.11573634296655655,2022,3607,NY,34.0,1.0,2.0
0.16102993488311768,78283.0234375,25159.6796875,0.837537407875061,0.1700083464384079,0.1102767288684845,2023,3607,NY,34.0,1.0,2.0
0.1554495245218277,75096.171875,23641.603515625,0.8422986268997192,0.16488094627857208,0.10681604593992233,2024,3607,NY,34.0,1.0,2.0
0.15194672346115112,72742.3359375,22531.203125,0.8466001152992249,0.16058748960494995,0.10453079640865326,2025,3607,NY,34.0,1.0,2.0
0.17269369959831238,121796.1328125,30271.60546875,0.5896016359329224,0.4072503447532654,0.1560690850019455,2021,3608,NY,34.0,1.0,2.0
0.16682344675064087,119308.6796875,29302.357421875,0.595752477645874,0.40054523944854736,0.15111437439918518,2022,3608,NY,34.0,1.0,2.0
0.16054342687129974,112412.03125,28097.822265625,0.5940245389938354,0.40338683128356934,0.14160504937171936,2023,3608,NY,34.0,1.0,2.0
0.15280647575855255,103932.1640625,26398.953125,0.5894412398338318,0.4105548560619354,0.13274051249027252,2024,3608,NY,34.0,1.0,2.0
0.14597482979297638,97783.796875,24973.521484375,0.5890405178070068,0.41021692752838135,0.12699007987976074,2025,3608,NY,34.0,1.0,2.0
0.156530499458313,108431.6875,27367.947265625,0.6210685968399048,0.37853339314460754,0.13568037748336792,2021,3609,NY,34.0,1.0,2.0
0.15703743696212769,110668.5234375,27430.873046875,0.6301480531692505,0.3687574565410614,0.1391933560371399,2022,3609,NY,34.0,1.0,2.0
0.1514299064874649,103893.484375,25758.17578125,0.6278752684593201,0.3724576234817505,0.13347239792346954,2023,3609,NY,34.0,1.0,2.0
0.1416158825159073,94762.6953125,23828.712890625,0.6227940320968628,0.3766496181488037,0.12465794384479523,2024,3609,NY,34.0,1.0,2.0
0.13425371050834656,88622.234375,22539.564453125,0.6224310994148254,0.3772886395454407,0.11672460287809372,2025,3609,NY,34.0,1.0,2.0
0.16063949465751648,78657.0078125,23374.955078125,0.8278772830963135,0.1804625540971756,0.11149494349956512,2021,3610,NY,34.0,1.0,2.0
0.1527065634727478,72269.078125,21566.494140625,0.8251212239265442,0.18141509592533112,0.10334357619285583,2022,3610,NY,34.0,1.0,2.0
0.14834612607955933,68704.625,20528.365234375,0.8307163715362549,0.17583785951137543,0.0992053747177124,2023,3610,NY,34.0,1.0,2.0
0.14606812596321106,66866.984375,19982.3671875,0.836868405342102,0.16967691481113434,0.09744616597890854,2024,3610,NY,34.0,1.0,2.0
0.1448407769203186,65637.0,19656.181640625,0.8415399193763733,0.16497695446014404,0.09623977541923523,2025,3610,NY,34.0,1.0,2.0
0.1450551301240921,67900.90625,23258.068359375,0.686553955078125,0.31376591324806213,0.0940336138010025,2021,3611,NY,34.0,1.0,2.0
0.1376952826976776,63199.19140625,21792.7421875,0.6863316893577576,0.31406593322753906,0.08769884705543518,2022,3611,NY,34.0,1.0,2.0
0.13213752210140228,59769.1484375,20775.666015625,0.6911122798919678,0.30934232473373413,0.08339744061231613,2023,3611,NY,34.0,1.0,2.0
0.12824130058288574,57133.79296875,20045.005859375,0.6958882808685303,0.304577499628067,0.08028847724199295,2024,3611,NY,34.0,1.0,2.0
0.12547801434993744,54694.29296875,19470.068359375,0.7009624242782593,0.2993205189704895,0.07709447294473648,2025,3611,NY,34.0,1.0,2.0
0.09714913368225098,58035.96484375,11663.013671875,0.5660364627838135,0.42977696657180786,0.08400879055261612,2021,3612,NY,34.0,1.0,2.0
0.09513621032238007,52304.66796875,12243.779296875,0.5608351826667786,0.4356657862663269,0.07636430114507675,2022,3612,NY,34.0,1.0,2.0
0.09219548851251602,48085.66015625,12508.087890625,0.562087893486023,0.43544042110443115,0.07011686265468597,2023,3612,NY,34.0,1.0,2.0
0.08986779302358627,45157.5703125,12841.00390625,0.5622422695159912,0.4359124004840851,0.06542976945638657,2024,3612,NY,34.0,1.0,2.0
0.0881844013929367,42591.26953125,13139.298828125,0.5599196553230286,0.43882349133491516,0.06126714497804642,2025,3612,NY,34.0,1.0,2.0
0.2014147937297821,123896.953125,32838.96484375,0.7126771807670593,0.28655847907066345,0.16224195063114166,2021,3613,NY,34.0,1.0,2.0
0.18250888586044312,114608.0,29476.73046875,0.706795871257782,0.293368399143219,0.14678919315338135,2022,3613,NY,34.0,1.0,2.0
0.1690075546503067,108000.359375,26943.94140625,0.7075520753860474,0.2931913137435913,0.13978734612464905,2023,3613,NY,34.0,1.0,2.0
0.1591663658618927,102041.4765625,25187.99609375,0.7077046632766724,0.2927931547164917,0.13395461440086365,2024,3613,NY,34.0,1.0,2.0
0.15042780339717865,96439.703125,23650.17578125,0.7065412402153015,0.29389622807502747,0.1285785436630249,2025,3613,NY,34.0,1.0,2.0
0.15134486556053162,68822.6953125,22795.943359375,0.8501001596450806,0.15551576018333435,0.09443369507789612,2021,3614,NY,34.0,1.0,2.0
0.14895384013652802,64406.41015625,21805.57421875,0.8476853966712952,0.15678688883781433,0.09048090130090714,2022,3614,NY,34.0,1.0,2.0
0.1479753851890564,63217.80078125,21401.4609375,0.8585995435714722,0.1466621458530426,0.09030216187238693,2023,3614,NY,34.0,1.0,2.0
0.1474725306034088,63224.0390625,21201.33984375,0.8667438626289368,0.13929343223571777,0.09108448773622513,2024,3614,NY,34.0,1.0,2.0
0.1472567319869995,63418.52734375,21016.189453125,0.8716821074485779,0.1349281370639801,0.09185992926359177,2025,3614,NY,34.0,1.0,2.0
0.2620540261268616,151034.59375,54879.01953125,0.7619985342025757,0.23995840549468994,0.18916434049606323,2021,3615,NY,34.0,1.0,2.0
0.23741251230239868,136551.984375,49469.81640625,0.7444453835487366,0.25666388869285583,0.16941384971141815,2022,3615,NY,34.0,1.0,2.0
0.22100625932216644,126785.8515625,45437.890625,0.7314179539680481,0.27082374691963196,0.15619008243083954,2023,3615,NY,34.0,1.0,2.0
0.21073254942893982,120230.4375,42443.66796875,0.7246949076652527,0.2787318527698517,0.14809507131576538,2024,3615,NY,34.0,1.0,2.0
0.2027621567249298,116142.8125,39944.2421875,0.7215484380722046,0.2811448574066162,0.14372342824935913,2025,3615,NY,34.0,1.0,2.0
0.14359623193740845,84357.25,23448.759765625,0.5710849761962891,0.4286755323410034,0.11243997514247894,2021,3616,NY,34.0,1.0,2.0
0.13259992003440857,78255.6484375,21631.31640625,0.5682386159896851,0.4312153160572052,0.10483887046575546,2022,3616,NY,34.0,1.0,2.0
0.12422902882099152,72314.7109375,20233.93359375,0.5659830570220947,0.432923823595047,0.09719733893871307,2023,3616,NY,34.0,1.0,2.0
0.1173386350274086,66972.0625,19077.751953125,0.5643670558929443,0.43412548303604126,0.09048117697238922,2024,3616,NY,34.0,1.0,2.0
0.1115046814084053,62516.27734375,18207.6015625,0.5628851056098938,0.4357880651950836,0.08474446088075638,2025,3616,NY,34.0,1.0,2.0
0.14427366852760315,56897.96484375,25561.568359375,0.7552975416183472,0.24150630831718445,0.07617218047380447,2021,3617,NY,34.0,1.0,2.0
0.14249643683433533,54166.49609375,24656.599609375,0.7626960873603821,0.23332199454307556,0.07381508499383926,2022,3617,NY,34.0,1.0,2.0
0.14172635972499847,52992.06640625,23977.158203125,0.7769401669502258,0.21877098083496094,0.0731440931558609,2023,3617,NY,34.0,1.0,2.0
0.1417694091796875,52440.171875,23489.697265625,0.791572630405426,0.20409375429153442,0.07316921651363373,2024,3617,NY,34.0,1.0,2.0
0.14214098453521729,52139.7734375,23086.416015625,0.8052830100059509,0.191212460398674,0.07322366535663605,2025,3617,NY,34.0,1.0,2.0
0.1361934095621109,55567.0546875,22735.095703125,0.6504303216934204,0.34870120882987976,0.07765260338783264,2021,3618,NY,34.0,1.0,2.0
0.13046976923942566,51902.984375,21776.62890625,0.6500400304794312,0.3484027683734894,0.07295436412096024,2022,3618,NY,34.0,1.0,2.0
0.1264309138059616,49420.83984375,21124.662109375,0.653583288192749,0.3447543680667877,0.06982679665088654,2023,3618,NY,34.0,1.0,2.0
0.1234961673617363,47418.61328125,20647.08984375,0.6573888063430786,0.3407575190067291,0.06725316494703293,2024,3618,NY,34.0,1.0,2.0
0.12159090489149094,45855.91015625,20329.390625,0.6608629822731018,0.3370673656463623,0.06533703953027725,2025,3618,NY,34.0,1.0,2.0
0.161176398396492,68049.390625,21485.486328125,0.7429046034812927,0.2564108073711395,0.10045476257801056,2021,3619,NY,34.0,1.0,2.0
0.15168176591396332,62582.75,20293.61328125,0.7471470832824707,0.2537333369255066,0.09309341013431549,2022,3619,NY,34.0,1.0,2.0
0.1455375701189041,58756.11328125,19557.10546875,0.7549936175346375,0.24687393009662628,0.08770658820867538,2023,3619,NY,34.0,1.0,2.0
0.14155974984169006,56021.390625,19085.93359375,0.7628308534622192,0.23928773403167725,0.08381175994873047,2024,3619,NY,34.0,1.0,2.0
0.1390841156244278,53983.890625,18797.92578125,0.7704511284828186,0.23155488073825836,0.08100514113903046,2025,3619,NY,34.0,1.0,2.0
0.1499602347612381,75017.8671875,22246.919921875,0.6353956460952759,0.3655909299850464,0.10489995032548904,2021,3620,NY,34.0,1.0,2.0
0.13785524666309357,68827.4140625,20518.65234375,0.6311891078948975,0.3694482445716858,0.09621482342481613,2022,3620,NY,34.0,1.0,2.0
0.12915177643299103,63647.671875,19318.80078125,0.6303784847259521,0.3700839579105377,0.0892845168709755,2023,3620,NY,34.0,1.0,2.0
0.12264161556959152,59473.19921875,18437.041015625,0.629285454750061,0.3711121678352356,0.08382666856050491,2024,3620,NY,34.0,1.0,2.0
0.11747868359088898,55927.80859375,17793.111328125,0.6280778050422668,0.37227657437324524,0.07921724021434784,2025,3620,NY,34.0,1.0,2.0
0.1658998429775238,70234.5078125,23853.974609375,0.8068034648895264,0.19551008939743042,0.10160961747169495,2021,3621,NY,34.0,1.0,2.0
0.15773652493953705,66100.8515625,22387.041015625,0.8116849064826965,0.1904834359884262,0.09593562036752701,2022,3621,NY,34.0,1.0,2.0
0.15284036099910736,63825.4453125,21445.701171875,0.8200862407684326,0.18280409276485443,0.09330202639102936,2023,3621,NY,34.0,1.0,2.0
0.14989438652992249,62479.78125,20827.21484375,0.8276973366737366,0.17561250925064087,0.09199299663305283,2024,3621,NY,34.0,1.0,2.0
0.14792156219482422,61555.68359375,20444.1328125,0.8342470526695251,0.16941902041435242,0.09083368629217148,2025,3621,NY,34.0,1.0,2.0
0.1766766905784607,77832.828125,25470.51953125,0.8124393820762634,0.19252748787403107,0.11339019238948822,2021,3622,NY,34.0,1.0,2.0
0.16487565636634827,72250.71875,23436.765625,0.8127884864807129,0.19060276448726654,0.10516677051782608,2022,3622,NY,34.0,1.0,2.0
0.1573319137096405,68527.015625,22126.1484375,0.8186524510383606,0.1849459409713745,0.09978853166103363,2023,3622,NY,34.0,1.0,2.0
0.15275156497955322,66267.9296875,21231.5078125,0.825627863407135,0.17847052216529846,0.09701774269342422,2024,3622,NY,34.0,1.0,2.0
0.1496562361717224,64714.96484375,20607.21484375,0.8315159678459167,0.17302854359149933,0.09511984139680862,2025,3622,NY,34.0,1.0,2.0
0.1781219094991684,79197.125,24430.240234375,0.8232519626617432,0.1830996721982956,0.11736354231834412,2021,3623,NY,34.0,1.0,2.0
0.16754761338233948,75156.1171875,22739.25,0.8250014185905457,0.18057562410831451,0.1113920658826828,2022,3623,NY,34.0,1.0,2.0
0.15998190641403198,71895.90625,21581.09375,0.828518807888031,0.1767425835132599,0.10640595108270645,2023,3623,NY,34.0,1.0,2.0
0.1546494960784912,69276.2578125,20763.310546875,0.8321992754936218,0.1734636127948761,0.10235431045293808,2024,3623,NY,34.0,1.0,2.0
0.15096065402030945,67268.5546875,20174.84375,0.8363081812858582,0.16961845755577087,0.09946601092815399,2025,3623,NY,34.0,1.0,2.0
0.17512956261634827,77677.5625,25841.701171875,0.7392427325248718,0.2599946856498718,0.11188343167304993,2021,3624,NY,34.0,1.0,2.0
0.16154807806015015,71716.2109375,23563.658203125,0.7462063431739807,0.25277236104011536,0.1036047488451004,2022,3624,NY,34.0,1.0,2.0
0.15258543193340302,66938.421875,22075.05859375,0.7529741525650024,0.24725911021232605,0.09697653353214264,2023,3624,NY,34.0,1.0,2.0
0.146410271525383,63150.0703125,20965.91015625,0.7590620517730713,0.2423032969236374,0.09183204919099808,2024,3624,NY,34.0,1.0,2.0
0.1422276794910431,60139.62109375,20157.22265625,0.7650625109672546,0.2366924285888672,0.0879150778055191,2025,3624,NY,34.0,1.0,2.0
0.16527864336967468,83106.03125,25073.697265625,0.6771082878112793,0.32340314984321594,0.11558538675308228,2021,3625,NY,34.0,1.0,2.0
0.15169447660446167,76590.1328125,22816.943359375,0.6762897372245789,0.3249659836292267,0.10708156228065491,2022,3625,NY,34.0,1.0,2.0
0.14179404079914093,71022.8125,21204.513671875,0.6756221652030945,0.32576555013656616,0.09952686727046967,2023,3625,NY,34.0,1.0,2.0
0.13424864411354065,66388.765625,19969.52734375,0.6754680871963501,0.32569462060928345,0.09334051609039307,2024,3625,NY,34.0,1.0,2.0
0.1284651756286621,62482.19921875,19014.166015625,0.6757810115814209,0.3251778781414032,0.0882970541715622,2025,3625,NY,34.0,1.0,2.0
0.18005090951919556,88859.9765625,25387.890625,0.7593750357627869,0.24193519353866577,0.12669198215007782,2021,3626,NY,34.0,1.0,2.0
0.16586856544017792,83011.9765625,22911.076171875,0.7611482739448547,0.2394753247499466,0.11986524611711502,2022,3626,NY,34.0,1.0,2.0
0.15582947432994843,77345.125,21344.115234375,0.7621586918830872,0.23979346454143524,0.11215346306562424,2023,3626,NY,34.0,1.0,2.0
0.14841049909591675,72347.0078125,20241.357421875,0.764163076877594,0.23830167949199677,0.10487126559019089,2024,3626,NY,34.0,1.0,2.0
0.14301708340644836,68033.0625,19483.83984375,0.7675557136535645,0.23553037643432617,0.09855785965919495,2025,3626,NY,34.0,1.0,2.0
0.13797657191753387,56404.65625,20153.439453125,0.6552502512931824,0.34481456875801086,0.08192469924688339,2021,3627,NY,34.0,1.0,2.0
0.13124032318592072,52681.1640625,19468.435546875,0.6568537354469299,0.3433190882205963,0.07678469270467758,2022,3627,NY,34.0,1.0,2.0
0.1265413463115692,50037.9375,18998.61328125,0.659356415271759,0.3406805396080017,0.07322729378938675,2023,3627,NY,34.0,1.0,2.0
0.12297564744949341,47703.47265625,18661.275390625,0.6617862582206726,0.3379392623901367,0.06982899457216263,2024,3627,NY,34.0,1.0,2.0
0.12049519270658493,45753.37109375,18411.109375,0.663901150226593,0.33539122343063354,0.06716465204954147,2025,3627,NY,34.0,1.0,2.0
0.19990961253643036,127564.2890625,32738.6796875,0.6824344992637634,0.31738442182540894,0.16695307195186615,2021,3701,NC,27.0,1.0,2.0
0.18716192245483398,121941.421875,30735.423828125,0.674115777015686,0.3236220180988312,0.15571877360343933,2022,3701,NC,27.0,1.0,2.0
0.1755356788635254,115253.8203125,28747.533203125,0.6666766405105591,0.33157381415367126,0.146018385887146,2023,3701,NC,27.0,1.0,2.0
0.1661224216222763,109601.0390625,27168.53125,0.6637213826179504,0.33593258261680603,0.13920964300632477,2024,3701,NC,27.0,1.0,2.0
0.15773186087608337,104131.15625,25737.955078125,0.6614609956741333,0.33869343996047974,0.13375425338745117,2025,3701,NC,27.0,1.0,2.0
0.15692690014839172,93712.1796875,31976.369140625,0.6431864500045776,0.3585527837276459,0.11506788432598114,2021,3702,NC,27.0,1.0,2.0
0.1483653336763382,90193.078125,29338.0703125,0.6393035650253296,0.3617195785045624,0.1119561418890953,2022,3702,NC,27.0,1.0,2.0
0.13954253494739532,86286.0390625,27042.345703125,0.6437429189682007,0.35717958211898804,0.10784289240837097,2023,3702,NC,27.0,1.0,2.0
0.1326887160539627,82572.25,25232.18359375,0.6475929617881775,0.3535989820957184,0.103911392390728,2024,3702,NC,27.0,1.0,2.0
0.12746760249137878,79103.15625,23811.787109375,0.6497936844825745,0.3512071967124939,0.10037867724895477,2025,3702,NC,27.0,1.0,2.0
0.20564545691013336,118143.7109375,33890.328125,0.7171141505241394,0.283122181892395,0.15340521931648254,2021,3703,NC,27.0,1.0,2.0
0.19202637672424316,114411.0625,31635.890625,0.7137360572814941,0.2866012454032898,0.14668144285678864,2022,3703,NC,27.0,1.0,2.0
0.1795804798603058,110280.9609375,29420.548828125,0.7110576033592224,0.2908356785774231,0.14119209349155426,2023,3703,NC,27.0,1.0,2.0
0.16830304265022278,105963.75,27378.611328125,0.7085894346237183,0.29255521297454834,0.13639098405838013,2024,3703,NC,27.0,1.0,2.0
0.15847694873809814,100608.4609375,25555.255859375,0.7065747976303101,0.2932524085044861,0.1309012472629547,2025,3703,NC,27.0,1.0,2.0
0.1454809606075287,99567.65625,26637.986328125,0.6265307068824768,0.3748093247413635,0.1255991905927658,2021,3704,NC,27.0,1.0,2.0
0.14199398458003998,94520.46875,25210.345703125,0.6167650818824768,0.38301530480384827,0.12179530411958694,2022,3704,NC,27.0,1.0,2.0
0.1328466832637787,87756.0625,23266.380859375,0.6289945840835571,0.3704557716846466,0.11355729401111603,2023,3704,NC,27.0,1.0,2.0
0.12668775022029877,83128.3828125,22260.51953125,0.6339929699897766,0.3651370406150818,0.10746440291404724,2024,3704,NC,27.0,1.0,2.0
0.12209764122962952,79207.3046875,21494.64453125,0.6347687840461731,0.3638979196548462,0.10259530693292618,2025,3704,NC,27.0,1.0,2.0
0.19580666720867157,107402.1328125,30383.23046875,0.7802249789237976,0.22376875579357147,0.14494027197360992,2021,3705,NC,27.0,1.0,2.0
0.18395483493804932,102540.375,28104.982421875,0.7824942469596863,0.22312627732753754,0.13920924067497253,2022,3705,NC,27.0,1.0,2.0
0.17318764328956604,97688.4375,26212.548828125,0.7836821675300598,0.22153803706169128,0.13370375335216522,2023,3705,NC,27.0,1.0,2.0
0.1630941778421402,92538.7890625,24428.515625,0.783340573310852,0.22083152830600739,0.12759104371070862,2024,3705,NC,27.0,1.0,2.0
0.15451905131340027,87241.984375,22953.53515625,0.7826549410820007,0.22025665640830994,0.12091609090566635,2025,3705,NC,27.0,1.0,2.0
0.18375955522060394,102007.921875,30896.9609375,0.7580463290214539,0.24594634771347046,0.13394413888454437,2021,3706,NC,27.0,1.0,2.0
0.17093221843242645,96508.28125,28385.8984375,0.7600612044334412,0.2434042990207672,0.12780192494392395,2022,3706,NC,27.0,1.0,2.0
0.16008661687374115,90960.25,26212.02734375,0.762968122959137,0.23875753581523895,0.12151694297790527,2023,3706,NC,27.0,1.0,2.0
0.15162639319896698,86149.3984375,24456.771484375,0.7655987739562988,0.2353656142950058,0.11579029262065887,2024,3706,NC,27.0,1.0,2.0
0.1453799605369568,81969.7109375,23114.3671875,0.7695762515068054,0.23205310106277466,0.1108064353466034,2025,3706,NC,27.0,1.0,2.0
0.20782814919948578,119946.484375,34082.13671875,0.7535009384155273,0.24737629294395447,0.15788276493549347,2021,3707,NC,27.0,1.0,2.0
0.19500330090522766,115616.96875,31713.26171875,0.751528799533844,0.2507989704608917,0.15102586150169373,2022,3707,NC,27.0,1.0,2.0
0.1833181083202362,111350.890625,29574.052734375,0.7510377168655396,0.2534443438053131,0.14558561146259308,2023,3707,NC,27.0,1.0,2.0
0.17192208766937256,105976.78125,27400.822265625,0.748573362827301,0.25493425130844116,0.13961073756217957,2024,3707,NC,27.0,1.0,2.0
0.16165712475776672,100932.8046875,25545.578125,0.7471060752868652,0.2547457218170166,0.13372483849525452,2025,3707,NC,27.0,1.0,2.0
0.19727177917957306,114942.8515625,35458.9140625,0.7346266508102417,0.2670170068740845,0.14559069275856018,2021,3708,NC,27.0,1.0,2.0
0.1862616240978241,112223.625,33243.71875,0.7316904067993164,0.27113598585128784,0.14175313711166382,2022,3708,NC,27.0,1.0,2.0
0.17525902390480042,108725.796875,31123.76171875,0.7329663038253784,0.2710152566432953,0.13768894970417023,2023,3708,NC,27.0,1.0,2.0
0.16518564522266388,104253.015625,28971.201171875,0.7329606413841248,0.2703530788421631,0.13274793326854706,2024,3708,NC,27.0,1.0,2.0
0.1565674990415573,99854.109375,27145.8203125,0.7334656715393066,0.26835745573043823,0.12849009037017822,2025,3708,NC,27.0,1.0,2.0
0.16048914194107056,92747.2734375,31187.857421875,0.652239978313446,0.3503912687301636,0.11464416980743408,2021,3709,NC,27.0,1.0,2.0
0.1493431180715561,87225.8046875,28350.365234375,0.6519973278045654,0.34924256801605225,0.1095353290438652,2022,3709,NC,27.0,1.0,2.0
0.14113232493400574,83666.5,26404.951171875,0.6547805070877075,0.3460525572299957,0.10625504702329636,2023,3709,NC,27.0,1.0,2.0
0.13444150984287262,80194.1875,24604.76171875,0.6562221646308899,0.3446412682533264,0.10281950235366821,2024,3709,NC,27.0,1.0,2.0
0.1286485642194748,76610.3671875,23181.291015625,0.6583198308944702,0.3422185480594635,0.09877501428127289,2025,3709,NC,27.0,1.0,2.0
0.19045990705490112,104177.28125,29526.23828125,0.783353328704834,0.2214866429567337,0.14113368093967438,2021,3710,NC,27.0,1.0,2.0
0.17817236483097076,98774.1484375,27243.302734375,0.7840126156806946,0.22161971032619476,0.13468091189861298,2022,3710,NC,27.0,1.0,2.0
0.16730503737926483,93432.6328125,25320.189453125,0.7851511240005493,0.21962489187717438,0.12863443791866302,2023,3710,NC,27.0,1.0,2.0
0.15785835683345795,88162.2109375,23690.625,0.7858637571334839,0.21752415597438812,0.1220225989818573,2024,3710,NC,27.0,1.0,2.0
0.15092317759990692,83694.7109375,22443.046875,0.7872728109359741,0.21578989923000336,0.11636301875114441,2025,3710,NC,27.0,1.0,2.0
0.18835632503032684,99329.4140625,26282.5234375,0.8191071152687073,0.18761460483074188,0.14010030031204224,2021,3711,NC,27.0,1.0,2.0
0.17810292541980743,93832.515625,24500.029296875,0.817527711391449,0.1897980272769928,0.13349688053131104,2022,3711,NC,27.0,1.0,2.0
0.16817207634449005,88770.4296875,23093.94921875,0.818535327911377,0.1897302120923996,0.12711423635482788,2023,3711,NC,27.0,1.0,2.0
0.160330668091774,84324.5390625,22014.68359375,0.8186035752296448,0.18905089795589447,0.12134142965078354,2024,3711,NC,27.0,1.0,2.0
0.1544264853000641,80316.34375,21213.0546875,0.8192346096038818,0.18821054697036743,0.11592959612607956,2025,3711,NC,27.0,1.0,2.0
0.16424031555652618,115894.4296875,32782.8984375,0.6379979848861694,0.3621372878551483,0.1395982801914215,2021,3712,NC,27.0,1.0,2.0
0.16265684366226196,114317.78125,31863.515625,0.632538378238678,0.36719295382499695,0.1381910890340805,2022,3712,NC,27.0,1.0,2.0
0.1564272940158844,109287.1015625,30112.4296875,0.6377907991409302,0.36257487535476685,0.13330960273742676,2023,3712,NC,27.0,1.0,2.0
0.14835253357887268,103458.953125,28156.654296875,0.6399775147438049,0.36092081665992737,0.12846598029136658,2024,3712,NC,27.0,1.0,2.0
0.14242611825466156,98420.0859375,26675.724609375,0.6398028135299683,0.3611152172088623,0.12375527620315552,2025,3712,NC,27.0,1.0,2.0
0.19314594566822052,114639.359375,33878.58203125,0.7269249558448792,0.2746059000492096,0.14521557092666626,2021,3713,NC,27.0,1.0,2.0
0.18092191219329834,111143.6875,31644.201171875,0.7285494208335876,0.27471923828125,0.14069265127182007,2022,3713,NC,27.0,1.0,2.0
0.16970229148864746,106479.4765625,29342.97265625,0.7286299467086792,0.27446457743644714,0.13580350577831268,2023,3713,NC,27.0,1.0,2.0
0.15986701846122742,101401.7265625,27238.39453125,0.7271276712417603,0.27413904666900635,0.1305941790342331,2024,3713,NC,27.0,1.0,2.0
0.15135173499584198,96153.484375,25535.83203125,0.7275895476341248,0.2727943956851959,0.12534686923027039,2025,3713,NC,27.0,1.0,2.0
0.09496205300092697,48317.15625,16938.2109375,0.6014971137046814,0.3978480100631714,0.06326916068792343,2021,3800,ND,28.0,1.0,2.0
0.09419161081314087,45728.57421875,16773.609375,0.5992183685302734,0.39927494525909424,0.06074301898479462,2022,3800,ND,28.0,1.0,2.0
0.09407932311296463,44020.6796875,16853.16015625,0.6014243960380554,0.39668935537338257,0.05884646624326706,2023,3800,ND,28.0,1.0,2.0
0.09455445408821106,42690.86328125,17055.380859375,0.603151798248291,0.39470043778419495,0.05732908844947815,2024,3800,ND,28.0,1.0,2.0
0.09522796422243118,41446.6328125,17296.431640625,0.6044876575469971,0.39312857389450073,0.05580974370241165,2025,3800,ND,28.0,1.0,2.0
0.15738992393016815,95131.7890625,28032.6640625,0.5895934700965881,0.41151413321495056,0.12671539187431335,2021,3901,OH,35.0,0.0,0.0
0.1456109881401062,88151.8359375,25861.0234375,0.5812508463859558,0.4185342490673065,0.11866135150194168,2022,3901,OH,35.0,0.0,0.0
0.1356518566608429,81098.8828125,24056.412109375,0.5770728588104248,0.42244088649749756,0.11010833084583282,2023,3901,OH,35.0,0.0,0.0
0.12718360126018524,74435.4765625,22565.65625,0.5735200047492981,0.42585769295692444,0.10161255300045013,2024,3901,OH,35.0,0.0,0.0
0.12002473324537277,68629.609375,21464.296875,0.569972574710846,0.4290396571159363,0.09367311745882034,2025,3901,OH,35.0,0.0,0.0
0.16327130794525146,91279.7421875,27377.501953125,0.6337451934814453,0.36673295497894287,0.12470288574695587,2021,3902,OH,35.0,0.0,0.0
0.1522076576948166,84745.9453125,25618.634765625,0.6263059973716736,0.3733265995979309,0.11672910302877426,2022,3902,OH,35.0,0.0,0.0
0.14255398511886597,78639.0390625,24205.603515625,0.6218104362487793,0.37738797068595886,0.10879812389612198,2023,3902,OH,35.0,0.0,0.0
0.13404390215873718,73000.4765625,23011.98828125,0.6180180311203003,0.38148900866508484,0.10102672129869461,2024,3902,OH,35.0,0.0,0.0
0.12680090963840485,67947.5,22063.01953125,0.6139269471168518,0.38524365425109863,0.09377791732549667,2025,3902,OH,35.0,0.0,0.0
0.2070426642894745,138948.296875,39819.78125,0.645218551158905,0.3494974970817566,0.18105663359165192,2021,3903,OH,35.0,0.0,0.0
0.19052352011203766,130555.9375,36014.34765625,0.625697672367096,0.36932864785194397,0.17003504931926727,2022,3903,OH,35.0,0.0,0.0
0.17698264122009277,121798.4296875,32946.12109375,0.6111231446266174,0.38527992367744446,0.1573614776134491,2023,3903,OH,35.0,0.0,0.0
0.16574174165725708,114297.8359375,30579.208984375,0.6030094027519226,0.3946651518344879,0.14670123159885406,2024,3903,OH,35.0,0.0,0.0
0.15685109794139862,108125.1328125,28848.884765625,0.5978555083274841,0.4011482000350952,0.13979163765907288,2025,3903,OH,35.0,0.0,0.0
0.16347895562648773,81513.109375,26269.53515625,0.6992735266685486,0.3001336455345154,0.11399048566818237,2021,3904,OH,35.0,0.0,0.0
0.15318800508975983,75145.6484375,24765.220703125,0.695832371711731,0.30405309796333313,0.10556289553642273,2022,3904,OH,35.0,0.0,0.0
0.1448173075914383,70282.7421875,23632.373046875,0.6946328282356262,0.3049333691596985,0.09885784238576889,2023,3904,OH,35.0,0.0,0.0
0.13857828080654144,66325.7265625,22822.05859375,0.6924645304679871,0.3063296675682068,0.09319191426038742,2024,3904,OH,35.0,0.0,0.0
0.13402828574180603,63139.90234375,22203.556640625,0.6902799606323242,0.3080434501171112,0.08855228126049042,2025,3904,OH,35.0,0.0,0.0
0.14489133656024933,73770.9453125,24126.591796875,0.6345742344856262,0.3650904595851898,0.10340158641338348,2021,3905,OH,35.0,0.0,0.0
0.1359345018863678,67628.625,22983.09375,0.6275571584701538,0.3719308078289032,0.09495824575424194,2022,3905,OH,35.0,0.0,0.0
0.12876082956790924,63069.1328125,22146.05078125,0.6240938901901245,0.3744629919528961,0.08800099045038223,2023,3905,OH,35.0,0.0,0.0
0.12338175624608994,59603.82421875,21495.583984375,0.620792031288147,0.3771013617515564,0.08260772377252579,2024,3905,OH,35.0,0.0,0.0
0.11931054294109344,56849.6640625,21039.173828125,0.6174150705337524,0.3799108862876892,0.07862934470176697,2025,3905,OH,35.0,0.0,0.0
0.19537490606307983,98878.609375,28632.80859375,0.7539025545120239,0.24589943885803223,0.14108288288116455,2021,3906,OH,35.0,0.0,0.0
0.181969553232193,93269.7734375,26891.65234375,0.7508385181427002,0.24746768176555634,0.13300515711307526,2022,3906,OH,35.0,0.0,0.0
0.17072810232639313,87832.140625,25645.40234375,0.746944785118103,0.2500607669353485,0.12553778290748596,2023,3906,OH,35.0,0.0,0.0
0.1603306531906128,82003.8515625,24520.783203125,0.7446255087852478,0.2530806064605713,0.11706771701574326,2024,3906,OH,35.0,0.0,0.0
0.1521528661251068,76598.859375,23583.708984375,0.744057297706604,0.2565872073173523,0.10908660292625427,2025,3906,OH,35.0,0.0,0.0
0.1703854352235794,86772.953125,28779.583984375,0.6833006143569946,0.31610196828842163,0.11907566338777542,2021,3907,OH,35.0,0.0,0.0
0.16080345213413239,82347.4609375,27235.83203125,0.6835513710975647,0.315756231546402,0.11316175013780594,2022,3907,OH,35.0,0.0,0.0
0.15225832164287567,77831.078125,25913.76953125,0.6818997263908386,0.31739699840545654,0.10721777379512787,2023,3907,OH,35.0,0.0,0.0
0.1445198804140091,73191.3671875,24675.30078125,0.6795477271080017,0.3196359872817993,0.10115785896778107,2024,3907,OH,35.0,0.0,0.0
0.13788722455501556,68664.4375,23585.6171875,0.6766541004180908,0.3226087987422943,0.09518729895353317,2025,3907,OH,35.0,0.0,0.0
0.1626967191696167,87123.3359375,27677.966796875,0.6894991993904114,0.3102143108844757,0.1184108778834343,2021,3908,OH,35.0,0.0,0.0
0.15272359549999237,80685.3359375,25868.197265625,0.6851596832275391,0.31464874744415283,0.11046237498521805,2022,3908,OH,35.0,0.0,0.0
0.14442723989486694,75387.125,24494.734375,0.684154212474823,0.3156527280807495,0.10376080125570297,2023,3908,OH,35.0,0.0,0.0
0.13781024515628815,70729.421875,23419.5390625,0.6823707222938538,0.3175466060638428,0.09773167222738266,2024,3908,OH,35.0,0.0,0.0
0.13284757733345032,66993.1171875,22677.689453125,0.6795670986175537,0.3195570409297943,0.09265999495983124,2025,3908,OH,35.0,0.0,0.0
0.21845173835754395,118245.8984375,34583.68359375,0.7461366653442383,0.25193917751312256,0.16694432497024536,2021,3909,OH,35.0,0.0,0.0
0.20011772215366364,109839.5078125,31148.30859375,0.7359192371368408,0.2632037401199341,0.15391038358211517,2022,3909,OH,35.0,0.0,0.0
0.18559978902339935,102469.171875,28741.20703125,0.7278445959091187,0.27041247487068176,0.14259877800941467,2023,3909,OH,35.0,0.0,0.0
0.17292490601539612,95348.9296875,26887.232421875,0.7219828963279724,0.27513521909713745,0.13287629187107086,2024,3909,OH,35.0,0.0,0.0
0.16180714964866638,88591.4375,25393.05078125,0.719028890132904,0.27925577759742737,0.12437224388122559,2025,3909,OH,35.0,0.0,0.0
0.19283542037010193,108573.5546875,30611.494140625,0.6747244000434875,0.32358336448669434,0.14900952577590942,2021,3910,OH,35.0,0.0,0.0
0.17824821174144745,102355.4296875,28467.515625,0.6687443256378174,0.33031660318374634,0.13906405866146088,2022,3910,OH,35.0,0.0,0.0
0.16680075228214264,96318.109375,26889.32421875,0.6641024947166443,0.3357064723968506,0.1316288262605667,2023,3910,OH,35.0,0.0,0.0
0.15629926323890686,90097.4453125,25357.439453125,0.6591922640800476,0.34052953124046326,0.12415539473295212,2024,3910,OH,35.0,0.0,0.0
0.14708763360977173,84083.203125,24032.720703125,0.6542758941650391,0.345081090927124,0.11633538454771042,2025,3910,OH,35.0,0.0,0.0
0.24495214223861694,146826.75,37250.421875,0.603765606880188,0.3973059356212616,0.21392549574375153,2021,3911,OH,35.0,0.0,0.0
0.2234758734703064,137899.234375,34387.59765625,0.5821884274482727,0.41692331433296204,0.19724994897842407,2022,3911,OH,35.0,0.0,0.0
0.20662401616573334,127732.4375,32080.283203125,0.5640628337860107,0.4357827305793762,0.18078120052814484,2023,3911,OH,35.0,0.0,0.0
0.1913127303123474,118614.34375,30161.880859375,0.5495803356170654,0.4507580101490021,0.16489087045192719,2024,3911,OH,35.0,0.0,0.0
0.17795108258724213,111094.4296875,28623.9609375,0.5391048192977905,0.4597058594226837,0.15068092942237854,2025,3911,OH,35.0,0.0,0.0
0.13181884586811066,76217.8046875,23800.0625,0.5375081300735474,0.4621821343898773,0.10353969782590866,2021,3912,OH,35.0,0.0,0.0
0.12332762032747269,69279.0078125,22277.859375,0.532630205154419,0.4667068421840668,0.09471085667610168,2022,3912,OH,35.0,0.0,0.0
0.11566342413425446,63697.4609375,21077.3359375,0.5313417315483093,0.46783894300460815,0.087002694606781,2023,3912,OH,35.0,0.0,0.0
0.10965245962142944,59355.72265625,20212.583984375,0.5300545692443848,0.46835067868232727,0.08016815036535263,2024,3912,OH,35.0,0.0,0.0
0.10456804931163788,55167.35546875,19425.158203125,0.5271783471107483,0.4708649516105652,0.07405397295951843,2025,3912,OH,35.0,0.0,0.0
0.20370323956012726,107196.6484375,28884.34375,0.7469765543937683,0.25188106298446655,0.15554873645305634,2021,3913,OH,35.0,0.0,0.0
0.18754462897777557,99958.3125,26878.357421875,0.7408649921417236,0.2573239803314209,0.14296016097068787,2022,3913,OH,35.0,0.0,0.0
0.1746201366186142,92909.9921875,25397.568359375,0.7352514266967773,0.26166293025016785,0.1330375075340271,2023,3913,OH,35.0,0.0,0.0
0.163224458694458,86019.578125,24187.724609375,0.7316219806671143,0.2663573622703552,0.1237858310341835,2024,3913,OH,35.0,0.0,0.0
0.1535845696926117,79645.8984375,23229.2734375,0.7299803495407104,0.2709837853908539,0.1143602579832077,2025,3913,OH,35.0,0.0,0.0
0.1293276697397232,64851.6015625,21332.947265625,0.5816882252693176,0.4187375009059906,0.09205693751573563,2021,3914,OH,35.0,0.0,0.0
0.12195190787315369,59523.04296875,20674.484375,0.573663592338562,0.4252661168575287,0.08354723453521729,2022,3914,OH,35.0,0.0,0.0
0.11571377515792847,55626.9765625,20053.763671875,0.5698081851005554,0.42845043540000916,0.07721919566392899,2023,3914,OH,35.0,0.0,0.0
0.11086674779653549,52531.6640625,19607.89453125,0.5664995908737183,0.43115606904029846,0.07257133722305298,2024,3914,OH,35.0,0.0,0.0
0.10712926089763641,49939.625,19300.1796875,0.563154399394989,0.4340249300003052,0.06867481023073196,2025,3914,OH,35.0,0.0,0.0
0.1524243950843811,84147.796875,25331.541015625,0.6396482586860657,0.36041614413261414,0.11596933752298355,2021,3915,OH,35.0,0.0,0.0
0.14231503009796143,76853.15625,23873.173828125,0.630969762802124,0.3687422573566437,0.1068495512008667,2022,3915,OH,35.0,0.0,0.0
0.1336088627576828,71226.1640625,22711.79296875,0.6281054019927979,0.3717346489429474,0.09903416782617569,2023,3915,OH,35.0,0.0,0.0
0.12672613561153412,66447.0546875,21857.087890625,0.6241581439971924,0.3748166263103485,0.09195106476545334,2024,3915,OH,35.0,0.0,0.0
0.12153038382530212,62669.53515625,21224.1875,0.6202661395072937,0.3780364394187927,0.08626017719507217,2025,3915,OH,35.0,0.0,0.0
0.12529490888118744,62040.26171875,20627.3125,0.5344619750976562,0.46598389744758606,0.08843578398227692,2021,3916,OH,35.0,0.0,0.0
0.11708952486515045,56766.4140625,19917.537109375,0.5300960540771484,0.469034880399704,0.07971816509962082,2022,3916,OH,35.0,0.0,0.0
0.11026208102703094,52677.6796875,19227.384765625,0.5269656181335449,0.4715198278427124,0.0729043036699295,2023,3916,OH,35.0,0.0,0.0
0.10504657030105591,49681.30078125,18750.271484375,0.5253591537475586,0.47249287366867065,0.06805230677127838,2024,3916,OH,35.0,0.0,0.0
0.10073614120483398,46754.04296875,18341.373046875,0.5225003957748413,0.47523391246795654,0.06357856839895248,2025,3916,OH,35.0,0.0,0.0
0.18998034298419952,110712.53125,37962.328125,0.599986732006073,0.39836961030960083,0.1416700780391693,2021,4001,OK,36.0,0.0,0.0
0.177179753780365,105809.390625,35092.61328125,0.5906819105148315,0.4091451168060303,0.13532409071922302,2022,4001,OK,36.0,0.0,0.0
0.16530828177928925,100613.0234375,32160.6796875,0.5840381979942322,0.41710364818573,0.13001903891563416,2023,4001,OK,36.0,0.0,0.0
0.1549493968486786,95321.25,29628.0234375,0.5768868923187256,0.4238399863243103,0.12441081553697586,2024,4001,OK,36.0,0.0,0.0
0.14579680562019348,90116.765625,27594.24609375,0.5709114670753479,0.42848309874534607,0.11850903928279877,2025,4001,OK,36.0,0.0,0.0
0.2402317225933075,128219.4453125,42537.21875,0.7363308668136597,0.26209744811058044,0.17412737011909485,2021,4002,OK,36.0,0.0,0.0
0.2264908403158188,122688.484375,39673.94140625,0.7305989265441895,0.2664048373699188,0.16572609543800354,2022,4002,OK,36.0,0.0,0.0
0.21282365918159485,116599.1171875,36783.8203125,0.7235381603240967,0.2734169363975525,0.15758906304836273,2023,4002,OK,36.0,0.0,0.0
0.198008194565773,110042.0234375,33628.72265625,0.7157246470451355,0.2820817530155182,0.14935532212257385,2024,4002,OK,36.0,0.0,0.0
0.18418245017528534,103948.4296875,30835.06640625,0.70847487449646,0.2905750870704651,0.14067715406417847,2025,4002,OK,36.0,0.0,0.0
0.18698753416538239,106767.078125,35014.25,0.6343578696250916,0.36512047052383423,0.1393599957227707,2021,4003,OK,36.0,0.0,0.0
0.1751876324415207,102507.5625,32557.41796875,0.6285625100135803,0.37177833914756775,0.1338229775428772,2022,4003,OK,36.0,0.0,0.0
0.16481615602970123,97726.90625,30327.7109375,0.6221967935562134,0.3790375888347626,0.1287091225385666,2023,4003,OK,36.0,0.0,0.0
0.1551758348941803,92479.03125,28313.755859375,0.6153606176376343,0.38490766286849976,0.1227574348449707,2024,4003,OK,36.0,0.0,0.0
0.14623703062534332,86914.1640625,26501.01171875,0.6097010970115662,0.3899013102054596,0.11632020026445389,2025,4003,OK,36.0,0.0,0.0
0.18379560112953186,108681.0859375,34052.51953125,0.6216186285018921,0.3783637583255768,0.14148563146591187,2021,4004,OK,36.0,0.0,0.0
0.17067626118659973,103004.1875,31418.88671875,0.6134832501411438,0.3881044387817383,0.1343734711408615,2022,4004,OK,36.0,0.0,0.0
0.15976782143115997,97270.421875,29141.609375,0.6065599918365479,0.3943153917789459,0.12850426137447357,2023,4004,OK,36.0,0.0,0.0
0.15002039074897766,91523.859375,27155.45703125,0.6001714468002319,0.3996768593788147,0.12186340987682343,2024,4004,OK,36.0,0.0,0.0
0.1413416713476181,85852.9453125,25489.275390625,0.5951682329177856,0.40396648645401,0.11522600799798965,2025,4004,OK,36.0,0.0,0.0
0.20326390862464905,123077.1953125,41982.9765625,0.6326595544815063,0.36284080147743225,0.1545853614807129,2021,4005,OK,36.0,0.0,0.0
0.1912335902452469,118401.9453125,38847.87890625,0.6212475299835205,0.37498894333839417,0.14893126487731934,2022,4005,OK,36.0,0.0,0.0
0.17989374697208405,113650.0078125,36017.20703125,0.6128000020980835,0.3851790726184845,0.14346472918987274,2023,4005,OK,36.0,0.0,0.0
0.1690588742494583,109204.2421875,33331.77734375,0.6068586111068726,0.39320963621139526,0.1380845457315445,2024,4005,OK,36.0,0.0,0.0
0.15950311720371246,104775.6640625,30931.3828125,0.6006852984428406,0.40052831172943115,0.13365449011325836,2025,4005,OK,36.0,0.0,0.0
0.12482480704784393,74187.125,22103.86328125,0.5469892024993896,0.4537031352519989,0.09708689153194427,2021,4101,OR,37.0,1.0,2.0
0.11865349858999252,68828.203125,20518.8046875,0.541863203048706,0.4577542543411255,0.09117304533720016,2022,4101,OR,37.0,1.0,2.0
0.11211129277944565,64214.4765625,19194.50390625,0.5406659245491028,0.45818451046943665,0.08563188463449478,2023,4101,OR,37.0,1.0,2.0
0.10666381567716599,60172.33203125,18188.67578125,0.5396944284439087,0.45864713191986084,0.08065012842416763,2024,4101,OR,37.0,1.0,2.0
0.10194534063339233,56236.8828125,17336.228515625,0.5385855436325073,0.4596909284591675,0.07572510838508606,2025,4101,OR,37.0,1.0,2.0
0.18732906877994537,104889.53125,31238.666015625,0.7436032295227051,0.2598257064819336,0.13754549622535706,2021,4102,OR,37.0,1.0,2.0
0.17501945793628693,100404.5234375,28606.99609375,0.7442591786384583,0.2585180699825287,0.13279639184474945,2022,4102,OR,37.0,1.0,2.0
0.1628994345664978,95246.1484375,26166.138671875,0.7450580596923828,0.2561355531215668,0.12747859954833984,2023,4102,OR,37.0,1.0,2.0
0.15210171043872833,89326.1484375,23986.611328125,0.7480456233024597,0.2530536353588104,0.12124289572238922,2024,4102,OR,37.0,1.0,2.0
0.14434149861335754,83219.8984375,22384.3828125,0.7512586712837219,0.2507157027721405,0.11449757218360901,2025,4102,OR,37.0,1.0,2.0
0.14283469319343567,88191.8671875,23527.640625,0.6151635050773621,0.38614436984062195,0.11625534296035767,2021,4103,OR,37.0,1.0,2.0
0.13468249142169952,81531.1484375,21796.861328125,0.609173595905304,0.3906696140766144,0.10914183408021927,2022,4103,OR,37.0,1.0,2.0
0.12636783719062805,75493.71875,20299.892578125,0.6106285452842712,0.38793206214904785,0.10181475430727005,2023,4103,OR,37.0,1.0,2.0
0.12014520913362503,70640.8671875,19266.80859375,0.610537052154541,0.38774484395980835,0.09589833766222,2024,4103,OR,37.0,1.0,2.0
0.11494980752468109,66269.203125,18465.87890625,0.6086657047271729,0.389865517616272,0.09041256457567215,2025,4103,OR,37.0,1.0,2.0
0.19096562266349792,114256.5,28060.67578125,0.6872899532318115,0.3105936646461487,0.15082071721553802,2021,4104,OR,37.0,1.0,2.0
0.17504605650901794,107779.71875,25463.1484375,0.6795623302459717,0.3205333948135376,0.14273770153522491,2022,4104,OR,37.0,1.0,2.0
0.1624954789876938,101011.671875,23592.48046875,0.6758328676223755,0.32474109530448914,0.13549156486988068,2023,4104,OR,37.0,1.0,2.0
0.151449516415596,93957.4765625,22095.701171875,0.6725871562957764,0.32816460728645325,0.12803643941879272,2024,4104,OR,37.0,1.0,2.0
0.14231033623218536,87490.8125,20887.8125,0.6685571074485779,0.33158615231513977,0.12056799978017807,2025,4104,OR,37.0,1.0,2.0
0.14999309182167053,84935.796875,27314.689453125,0.6646041870117188,0.33743414282798767,0.10955197364091873,2021,4105,OR,37.0,1.0,2.0
0.1404445320367813,78408.4765625,24782.96484375,0.6608456373214722,0.3409962058067322,0.10264462232589722,2022,4105,OR,37.0,1.0,2.0
0.13259156048297882,73629.7734375,22891.0,0.6626132130622864,0.3390374183654785,0.0970674380660057,2023,4105,OR,37.0,1.0,2.0
0.12646403908729553,70018.765625,21503.08203125,0.6638771295547485,0.3375002443790436,0.09322311729192734,2024,4105,OR,37.0,1.0,2.0
0.12159102410078049,66549.96875,20379.86328125,0.6637274026870728,0.33740681409835815,0.08951655775308609,2025,4105,OR,37.0,1.0,2.0
0.11720366775989532,66742.1484375,19546.71875,0.5761894583702087,0.42230603098869324,0.09353189170360565,2021,4201,PA,38.0,0.0,0.0
0.11507140845060349,64891.578125,19399.36328125,0.5721991658210754,0.4250751733779907,0.09109669923782349,2022,4201,PA,38.0,0.0,0.0
0.1095627099275589,60161.8984375,18566.638671875,0.565850019454956,0.43073636293411255,0.08426770567893982,2023,4201,PA,38.0,0.0,0.0
0.1051330417394638,55874.9375,18018.912109375,0.5614787936210632,0.4355207085609436,0.07769086956977844,2024,4201,PA,38.0,0.0,0.0
0.10225217789411545,52666.77734375,17980.078125,0.5577437281608582,0.43958914279937744,0.07254704087972641,2025,4201,PA,38.0,0.0,0.0
0.20681189000606537,136620.90625,34019.0078125,0.6378957033157349,0.35726398229599,0.18989117443561554,2021,4202,PA,38.0,0.0,0.0
0.18574458360671997,122885.65625,30724.4609375,0.6162588596343994,0.3783068060874939,0.16967405378818512,2022,4202,PA,38.0,0.0,0.0
0.17030437290668488,112020.2265625,28574.28515625,0.6074767708778381,0.3886060416698456,0.15042127668857574,2023,4202,PA,38.0,0.0,0.0
0.1592961847782135,104246.0546875,26888.138671875,0.603212833404541,0.3961598575115204,0.13933666050434113,2024,4202,PA,38.0,0.0,0.0
0.15046995878219604,97818.671875,25538.419921875,0.5975618362426758,0.4013242721557617,0.13234843313694,2025,4202,PA,38.0,0.0,0.0
0.2061118632555008,126605.4375,29801.341796875,0.6270418763160706,0.36904188990592957,0.17393289506435394,2021,4203,PA,38.0,0.0,0.0
0.19697324931621552,125229.0,29289.576171875,0.6375027894973755,0.35766029357910156,0.1711624562740326,2022,4203,PA,38.0,0.0,0.0
0.18973203003406525,123179.484375,29061.248046875,0.6291928887367249,0.36611396074295044,0.1681889444589615,2023,4203,PA,38.0,0.0,0.0
0.1805630922317505,118496.3828125,28347.931640625,0.6194445490837097,0.37631216645240784,0.1605454534292221,2024,4203,PA,38.0,0.0,0.0
0.17034849524497986,112107.0625,27180.28125,0.6116200685501099,0.3845020830631256,0.15056836605072021,2025,4203,PA,38.0,0.0,0.0
0.10649185627698898,54514.765625,17697.23828125,0.5734608173370361,0.4237273633480072,0.07704144716262817,2021,4204,PA,38.0,0.0,0.0
0.10569939762353897,52454.921875,18040.556640625,0.5696470141410828,0.42757922410964966,0.07360424846410751,2022,4204,PA,38.0,0.0,0.0
0.10328248888254166,50222.99609375,18041.359375,0.5647318363189697,0.4323963522911072,0.06998100131750107,2023,4204,PA,38.0,0.0,0.0
0.10127081722021103,48037.671875,18074.533203125,0.5600574016571045,0.4371007978916168,0.06646837294101715,2024,4204,PA,38.0,0.0,0.0
0.09976270794868469,46104.82421875,18205.29296875,0.5556917190551758,0.441442608833313,0.06333877891302109,2025,4204,PA,38.0,0.0,0.0
0.14831838011741638,75430.21875,21410.158203125,0.6546236872673035,0.3447704017162323,0.1113668829202652,2021,4205,PA,38.0,0.0,0.0
0.14225301146507263,72376.796875,21209.884765625,0.6553762555122375,0.344774454832077,0.10573974251747131,2022,4205,PA,38.0,0.0,0.0
0.13530437648296356,68452.0078125,21015.404296875,0.648296058177948,0.35167255997657776,0.09890624135732651,2023,4205,PA,38.0,0.0,0.0
0.12905028462409973,64284.875,20739.05078125,0.6418738961219788,0.3572801947593689,0.09190625697374344,2024,4205,PA,38.0,0.0,0.0
0.12416739016771317,60573.4453125,20447.580078125,0.6368520855903625,0.36169758439064026,0.08598056435585022,2025,4205,PA,38.0,0.0,0.0
0.11283010244369507,54455.90234375,20567.162109375,0.5766212940216064,0.42337751388549805,0.07462171465158463,2021,4206,PA,38.0,0.0,0.0
0.10800448805093765,49494.14453125,19612.328125,0.5597232580184937,0.43848854303359985,0.06765328347682953,2022,4206,PA,38.0,0.0,0.0
0.10449793189764023,46489.80859375,19066.95703125,0.5558635592460632,0.44162222743034363,0.06377918273210526,2023,4206,PA,38.0,0.0,0.0
0.10226281732320786,44853.0546875,18840.162109375,0.5538761019706726,0.44318902492523193,0.06157773733139038,2024,4206,PA,38.0,0.0,0.0
0.10076611489057541,43540.09375,18777.66796875,0.5509468913078308,0.44589874148368835,0.059570617973804474,2025,4206,PA,38.0,0.0,0.0
0.12895219027996063,63533.859375,21929.111328125,0.5831932425498962,0.41876864433288574,0.08982817828655243,2021,4207,PA,38.0,0.0,0.0
0.11988653987646103,56816.16015625,20800.486328125,0.5680495500564575,0.4316039979457855,0.08006250858306885,2022,4207,PA,38.0,0.0,0.0
0.11439737677574158,53147.8359375,20232.98828125,0.5659030079841614,0.4324212670326233,0.0739012286067009,2023,4207,PA,38.0,0.0,0.0
0.1104080006480217,50651.3984375,19826.791015625,0.5638959407806396,0.4337727427482605,0.06989774852991104,2024,4207,PA,38.0,0.0,0.0
0.10744532942771912,48516.9609375,19523.54296875,0.560675859451294,0.43648770451545715,0.06684218347072601,2025,4207,PA,38.0,0.0,0.0
0.14134159684181213,67268.5625,22718.572265625,0.6017866134643555,0.4005209505558014,0.09635061770677567,2021,4208,PA,38.0,0.0,0.0
0.13030844926834106,60092.9453125,21563.51171875,0.58698970079422,0.41327717900276184,0.08632358908653259,2022,4208,PA,38.0,0.0,0.0
0.12361148744821548,56121.84765625,21000.849609375,0.5860622525215149,0.41275617480278015,0.07991433143615723,2023,4208,PA,38.0,0.0,0.0
0.11866209656000137,53233.00390625,20575.712890625,0.5838617086410522,0.414045125246048,0.07480623573064804,2024,4208,PA,38.0,0.0,0.0
0.1148596704006195,51073.91796875,20208.0703125,0.58116614818573,0.4159804880619049,0.07147553563117981,2025,4208,PA,38.0,0.0,0.0
0.14302723109722137,65780.5625,20850.556640625,0.7357034087181091,0.2650870084762573,0.0960644781589508,2021,4209,PA,38.0,0.0,0.0
0.14042705297470093,63564.83984375,20807.716796875,0.73366779088974,0.26610511541366577,0.09229309856891632,2022,4209,PA,38.0,0.0,0.0
0.1377485692501068,61645.03125,20639.111328125,0.7326228618621826,0.2666139304637909,0.08914484083652496,2023,4209,PA,38.0,0.0,0.0
0.13597100973129272,60146.26171875,20591.13671875,0.733203113079071,0.26555725932121277,0.0867374911904335,2024,4209,PA,38.0,0.0,0.0
0.1349593549966812,59045.359375,20662.162109375,0.735077440738678,0.26348164677619934,0.08489467203617096,2025,4209,PA,38.0,0.0,0.0
0.14232352375984192,67223.5,21676.96875,0.7294632196426392,0.2708568871021271,0.09727099537849426,2021,4210,PA,38.0,0.0,0.0
0.13992130756378174,64548.84765625,21488.84375,0.7288761734962463,0.2708081305027008,0.09306973963975906,2022,4210,PA,38.0,0.0,0.0
0.13726218044757843,62615.546875,21357.240234375,0.7284902930259705,0.27057498693466187,0.08970745652914047,2023,4210,PA,38.0,0.0,0.0
0.13539372384548187,60964.3359375,21245.90625,0.7288832664489746,0.2698414921760559,0.08693753182888031,2024,4210,PA,38.0,0.0,0.0
0.13412413001060486,59566.703125,21180.517578125,0.7298782467842102,0.2687004804611206,0.08468509465456009,2025,4210,PA,38.0,0.0,0.0
0.12370134890079498,57926.11328125,19576.1171875,0.7157474756240845,0.2842893898487091,0.08133625984191895,2021,4211,PA,38.0,0.0,0.0
0.12447267770767212,55480.85546875,19395.767578125,0.7049027681350708,0.2935253977775574,0.07960192859172821,2022,4211,PA,38.0,0.0,0.0
0.12399914115667343,54124.2265625,19374.732421875,0.704569399356842,0.2932998239994049,0.07784800976514816,2023,4211,PA,38.0,0.0,0.0
0.12417419999837875,53576.73828125,19616.830078125,0.706099808216095,0.2915317714214325,0.07686223089694977,2024,4211,PA,38.0,0.0,0.0
0.12492012232542038,53530.8359375,20002.51171875,0.7082366347312927,0.2893332540988922,0.07653291523456573,2025,4211,PA,38.0,0.0,0.0
0.1403152346611023,67724.7890625,21428.904296875,0.6764255166053772,0.3248811364173889,0.09722352027893066,2021,4212,PA,38.0,0.0,0.0
0.13344553112983704,61969.4921875,20847.919921875,0.6665350794792175,0.33304452896118164,0.0890195220708847,2022,4212,PA,38.0,0.0,0.0
0.12889249622821808,58801.30859375,20564.892578125,0.6657832860946655,0.3326185345649719,0.08453943580389023,2023,4212,PA,38.0,0.0,0.0
0.1257960945367813,56633.51953125,20423.3984375,0.6644600033760071,0.33335551619529724,0.08122815191745758,2024,4212,PA,38.0,0.0,0.0
0.12355086207389832,54770.55859375,20316.107421875,0.6618790626525879,0.33550968766212463,0.07848700135946274,2025,4212,PA,38.0,0.0,0.0
0.14854246377944946,74081.8828125,24214.603515625,0.709986686706543,0.29173389077186584,0.10349951684474945,2021,4213,PA,38.0,0.0,0.0
0.13991494476795197,68308.609375,22741.61328125,0.70075523853302,0.29873770475387573,0.09567850083112717,2022,4213,PA,38.0,0.0,0.0
0.13487249612808228,64013.0859375,21716.271484375,0.6984431743621826,0.3002372086048126,0.09033013135194778,2023,4213,PA,38.0,0.0,0.0
0.1319141834974289,61271.64453125,21210.28125,0.6976503133773804,0.30057355761528015,0.08691390603780746,2024,4213,PA,38.0,0.0,0.0
0.12994486093521118,59190.5234375,20991.515625,0.6968954801559448,0.30113279819488525,0.08408873528242111,2025,4213,PA,38.0,0.0,0.0
0.14236484467983246,74955.8125,20144.294921875,0.6506760716438293,0.3498009145259857,0.10889247059822083,2021,4214,PA,38.0,0.0,0.0
0.13374507427215576,69783.8125,19659.314453125,0.6436008810997009,0.3550097942352295,0.10108574479818344,2022,4214,PA,38.0,0.0,0.0
0.12668900191783905,64756.546875,19227.908203125,0.6379355192184448,0.36001238226890564,0.09357497096061707,2023,4214,PA,38.0,0.0,0.0
0.12173981219530106,60697.984375,18989.18359375,0.633063793182373,0.36505717039108276,0.08729372918605804,2024,4214,PA,38.0,0.0,0.0
0.11832486838102341,57743.06640625,19023.4140625,0.6290783882141113,0.36914339661598206,0.082509346306324,2025,4214,PA,38.0,0.0,0.0
0.14817199110984802,69230.953125,22217.09375,0.7098456025123596,0.29069340229034424,0.10008559376001358,2021,4215,PA,38.0,0.0,0.0
0.1419098675251007,65592.1796875,22044.21875,0.7077926993370056,0.29175081849098206,0.09416138380765915,2022,4215,PA,38.0,0.0,0.0
0.1380470097064972,62922.88671875,21754.67578125,0.7090622186660767,0.28989070653915405,0.0901559516787529,2023,4215,PA,38.0,0.0,0.0
0.13516546785831451,60711.4375,21471.638671875,0.7093830108642578,0.2889614403247833,0.08689892292022705,2024,4215,PA,38.0,0.0,0.0
0.13299116492271423,58753.04296875,21224.015625,0.7090199589729309,0.2889954745769501,0.0838969498872757,2025,4215,PA,38.0,0.0,0.0
0.16090743243694305,78890.5625,25170.0859375,0.7437801957130432,0.2544309198856354,0.11186949163675308,2021,4216,PA,38.0,0.0,0.0
0.15335112810134888,74885.53125,24453.857421875,0.7484509348869324,0.251117467880249,0.105928435921669,2022,4216,PA,38.0,0.0,0.0
0.148546040058136,71862.2421875,23748.8046875,0.7509873509407043,0.2490261048078537,0.1016286090016365,2023,4216,PA,38.0,0.0,0.0
0.14486393332481384,68882.515625,23065.0859375,0.7515072226524353,0.2485741376876831,0.0972508117556572,2024,4216,PA,38.0,0.0,0.0
0.14217057824134827,66553.0859375,22549.330078125,0.751696765422821,0.24794378876686096,0.09381388127803802,2025,4216,PA,38.0,0.0,0.0
0.1289118230342865,62070.9609375,19519.52734375,0.6290858387947083,0.3699049651622772,0.09039390832185745,2021,4217,PA,38.0,0.0,0.0
0.12501628696918488,59148.44921875,19580.7265625,0.6249527335166931,0.3736073970794678,0.08556927740573883,2022,4217,PA,38.0,0.0,0.0
0.12062354385852814,56247.9453125,19421.337890625,0.6196011900901794,0.3784691095352173,0.08089183270931244,2023,4217,PA,38.0,0.0,0.0
0.11710778623819351,53757.90625,19367.552734375,0.6150310039520264,0.38269689679145813,0.07679367065429688,2024,4217,PA,38.0,0.0,0.0
0.11447969079017639,51671.234375,19417.7265625,0.6109509468078613,0.3864414691925049,0.07327443361282349,2025,4217,PA,38.0,0.0,0.0
0.1435570865869522,75946.796875,20597.3515625,0.5731542706489563,0.42754948139190674,0.11154287308454514,2021,4218,PA,38.0,0.0,0.0
0.13362157344818115,70341.671875,20332.890625,0.5690802931785583,0.4315774440765381,0.10210224241018295,2022,4218,PA,38.0,0.0,0.0
0.12632107734680176,65995.640625,20017.83984375,0.5680209994316101,0.43290990591049194,0.09514067322015762,2023,4218,PA,38.0,0.0,0.0
0.11998482048511505,61999.828125,19710.73828125,0.5652637481689453,0.4345628321170807,0.0883878767490387,2024,4218,PA,38.0,0.0,0.0
0.11441335082054138,58106.44140625,19381.080078125,0.5613253116607666,0.43714848160743713,0.0816878005862236,2025,4218,PA,38.0,0.0,0.0
0.167389377951622,64989.9140625,17953.291015625,0.757853627204895,0.24285869300365448,0.10543616116046906,2021,4401,RI,39.0,1.0,2.0
0.15813153982162476,61387.78515625,17392.228515625,0.7629292011260986,0.2385651022195816,0.09891548752784729,2022,4401,RI,39.0,1.0,2.0
0.1518954187631607,58075.27734375,17035.9453125,0.7679033875465393,0.23399235308170319,0.09352346509695053,2023,4401,RI,39.0,1.0,2.0
0.14691343903541565,54960.97265625,16863.416015625,0.7729300856590271,0.22932587563991547,0.08818810433149338,2024,4401,RI,39.0,1.0,2.0
0.14350295066833496,52416.8671875,16786.51953125,0.7787230014801025,0.22378836572170258,0.08360221236944199,2025,4401,RI,39.0,1.0,2.0
0.1497017741203308,49793.54296875,16560.662109375,0.6729758977890015,0.3276709020137787,0.08304083347320557,2021,4402,RI,39.0,1.0,2.0
0.14066387712955475,45800.75390625,16089.8046875,0.669441819190979,0.33107832074165344,0.07664144784212112,2022,4402,RI,39.0,1.0,2.0
0.13438977301120758,42264.734375,15877.580078125,0.6702748537063599,0.3303159177303314,0.07104520499706268,2023,4402,RI,39.0,1.0,2.0
0.12994571030139923,39591.484375,15796.97265625,0.6715599298477173,0.328742653131485,0.06677074730396271,2024,4402,RI,39.0,1.0,2.0
0.1266525536775589,37483.98046875,15851.4873046875,0.6728957891464233,0.32689517736434937,0.06304454803466797,2025,4402,RI,39.0,1.0,2.0
0.12044992297887802,61938.73828125,20733.8046875,0.6299156546592712,0.37008118629455566,0.08565721660852432,2021,4501,SC,40.0,0.0,0.0
0.11700650304555893,57879.12890625,20183.515625,0.6197652816772461,0.37878021597862244,0.08046770095825195,2022,4501,SC,40.0,0.0,0.0
0.11421164125204086,55304.03515625,19850.0625,0.6164172291755676,0.3815419375896454,0.07705675810575485,2023,4501,SC,40.0,0.0,0.0
0.11251386255025864,53559.90625,19758.767578125,0.613632321357727,0.38387852907180786,0.07465844601392746,2024,4501,SC,40.0,0.0,0.0
0.1113351583480835,52010.1484375,19753.4765625,0.6100386381149292,0.387119859457016,0.07244765013456345,2025,4501,SC,40.0,0.0,0.0
0.1453465074300766,72241.6484375,24105.58203125,0.6653019785881042,0.33421412110328674,0.10164766013622284,2021,4502,SC,40.0,0.0,0.0
0.1375828981399536,66864.3203125,22969.5,0.657431960105896,0.3416574001312256,0.09455558657646179,2022,4502,SC,40.0,0.0,0.0
0.13166454434394836,62776.4609375,22090.505859375,0.652900755405426,0.34550318121910095,0.08872350305318832,2023,4502,SC,40.0,0.0,0.0
0.1274005025625229,59708.609375,21517.767578125,0.6492611169815063,0.34877267479896545,0.08440028131008148,2024,4502,SC,40.0,0.0,0.0
0.12428604066371918,57311.12890625,21145.955078125,0.6457279920578003,0.35198262333869934,0.08107300102710724,2025,4502,SC,40.0,0.0,0.0
0.1631661057472229,79568.59375,24304.625,0.7265640497207642,0.2715471088886261,0.11565116792917252,2021,4503,SC,40.0,0.0,0.0
0.15423747897148132,74224.3671875,23391.205078125,0.7266528606414795,0.273622065782547,0.10773930698633194,2022,4503,SC,40.0,0.0,0.0
0.1475072205066681,69951.4453125,22654.896484375,0.7257358431816101,0.27477726340293884,0.10097604990005493,2023,4503,SC,40.0,0.0,0.0
0.14253415167331696,66524.4296875,22052.607421875,0.7244409322738647,0.2754221260547638,0.0956764966249466,2024,4503,SC,40.0,0.0,0.0
0.13888385891914368,63768.7265625,21591.091796875,0.723463237285614,0.27563127875328064,0.09155276417732239,2025,4503,SC,40.0,0.0,0.0
0.13565698266029358,66567.4375,22502.115234375,0.7163209319114685,0.2843426465988159,0.09205058962106705,2021,4504,SC,40.0,0.0,0.0
0.1329147070646286,62496.18359375,21720.255859375,0.7060267329216003,0.29299861192703247,0.08769726753234863,2022,4504,SC,40.0,0.0,0.0
0.13047678768634796,59960.17578125,21177.169921875,0.7054142355918884,0.29313230514526367,0.08463531732559204,2023,4504,SC,40.0,0.0,0.0
0.12934352457523346,58617.6328125,20985.033203125,0.7066969871520996,0.291593074798584,0.08304554969072342,2024,4504,SC,40.0,0.0,0.0
0.12875249981880188,57571.16796875,20915.1640625,0.7072908282279968,0.2908287048339844,0.08171235769987106,2025,4504,SC,40.0,0.0,0.0
0.14750811457633972,76367.8828125,24567.140625,0.6535760760307312,0.3460637331008911,0.1068940982222557,2021,4505,SC,40.0,0.0,0.0
0.13879376649856567,70739.4375,23194.0625,0.6448204517364502,0.3547108471393585,0.09953621029853821,2022,4505,SC,40.0,0.0,0.0
0.13148842751979828,65980.6171875,22190.08984375,0.638928234577179,0.3598231077194214,0.09261815249919891,2023,4505,SC,40.0,0.0,0.0
0.12612414360046387,62018.32421875,21428.173828125,0.6338755488395691,0.3644905090332031,0.0869157612323761,2024,4505,SC,40.0,0.0,0.0
0.12233943492174149,59156.65234375,20975.482421875,0.6299757361412048,0.3679875135421753,0.08292517066001892,2025,4505,SC,40.0,0.0,0.0
0.1973992884159088,113858.7734375,28955.291015625,0.625819742679596,0.36986833810806274,0.16202686727046967,2021,4506,SC,40.0,0.0,0.0
0.1810685098171234,108132.0234375,27491.529296875,0.6155713200569153,0.3808932602405548,0.14999356865882874,2022,4506,SC,40.0,0.0,0.0
0.16812098026275635,101290.5546875,25998.97265625,0.6061261296272278,0.3931361734867096,0.1394031047821045,2023,4506,SC,40.0,0.0,0.0
0.15687593817710876,94397.46875,24547.640625,0.5980706214904785,0.4015542268753052,0.1312733143568039,2024,4506,SC,40.0,0.0,0.0
0.1472947895526886,87849.78125,23392.98046875,0.5921760201454163,0.4072975814342499,0.12296594679355621,2025,4506,SC,40.0,0.0,0.0
0.18476442992687225,96409.0546875,27310.396484375,0.6920798420906067,0.3052138090133667,0.13656514883041382,2021,4507,SC,40.0,0.0,0.0
0.172549307346344,90986.359375,25928.462890625,0.6901476383209229,0.30828118324279785,0.1293269395828247,2022,4507,SC,40.0,0.0,0.0
0.16182926297187805,85315.8359375,24681.88671875,0.6862255930900574,0.3135005235671997,0.12174396216869354,2023,4507,SC,40.0,0.0,0.0
0.15209423005580902,79548.3828125,23484.400390625,0.6816245317459106,0.3185175657272339,0.11353596299886703,2024,4507,SC,40.0,0.0,0.0
0.1435912549495697,73974.1328125,22410.751953125,0.6772082448005676,0.3231022357940674,0.10561364889144897,2025,4507,SC,40.0,0.0,0.0
0.15732938051223755,91628.015625,32027.431640625,0.6505928635597229,0.3503660261631012,0.11684957891702652,2021,4600,SD,41.0,0.0,0.0
0.1491769403219223,86652.28125,29466.529296875,0.642063558101654,0.35864704847335815,0.11225511133670807,2022,4600,SD,41.0,0.0,0.0
0.14241154491901398,81661.15625,27417.240234375,0.637488067150116,0.36262765526771545,0.10738537460565567,2023,4600,SD,41.0,0.0,0.0
0.13648368418216705,76904.109375,25754.076171875,0.6331304311752319,0.3663170039653778,0.10259304940700531,2024,4600,SD,41.0,0.0,0.0
0.13127054274082184,72471.6171875,24387.306640625,0.6287657022476196,0.37032562494277954,0.09775807708501816,2025,4600,SD,41.0,0.0,0.0
0.19413791596889496,100763.5078125,27214.166015625,0.8013781905174255,0.2014695107936859,0.14763982594013214,2021,4701,TN,42.0,0.0,0.0
0.1814013123512268,94510.890625,25455.314453125,0.7927170395851135,0.21050415933132172,0.13839438557624817,2022,4701,TN,42.0,0.0,0.0
0.17096947133541107,89478.4375,24240.501953125,0.783793568611145,0.2181086540222168,0.13095563650131226,2023,4701,TN,42.0,0.0,0.0
0.16156063973903656,84020.4375,23240.662109375,0.7759953737258911,0.22607795894145966,0.12318174540996552,2024,4701,TN,42.0,0.0,0.0
0.15375234186649323,78816.421875,22492.34765625,0.7693976759910583,0.23400390148162842,0.1149064376950264,2025,4701,TN,42.0,0.0,0.0
0.14641743898391724,79187.453125,22855.23046875,0.7398495078086853,0.2621859014034271,0.11172450333833694,2021,4702,TN,42.0,0.0,0.0
0.14153403043746948,72526.6640625,21980.443359375,0.7311040163040161,0.2713330090045929,0.10282988846302032,2022,4702,TN,42.0,0.0,0.0
0.1374346762895584,68616.609375,21298.626953125,0.7299333810806274,0.2713170349597931,0.09735336154699326,2023,4702,TN,42.0,0.0,0.0
0.13488535583019257,65894.4375,20851.92578125,0.7296308279037476,0.2708771228790283,0.09379766881465912,2024,4702,TN,42.0,0.0,0.0
0.13348038494586945,63866.9296875,20606.712890625,0.7295016050338745,0.27049773931503296,0.09128380566835403,2025,4702,TN,42.0,0.0,0.0
0.1787533462047577,100425.1484375,26585.8671875,0.7270042300224304,0.27028676867485046,0.14145417511463165,2021,4703,TN,42.0,0.0,0.0
0.16861923038959503,94170.6640625,25316.978515625,0.7240299582481384,0.273527592420578,0.13327845931053162,2022,4703,TN,42.0,0.0,0.0
0.15958720445632935,88460.7890625,24298.646484375,0.7216069102287292,0.2769489586353302,0.1258907914161682,2023,4703,TN,42.0,0.0,0.0
0.1515936404466629,82734.3359375,23372.2265625,0.719946563243866,0.28067389130592346,0.11811598390340805,2024,4703,TN,42.0,0.0,0.0
0.144645556807518,77084.8125,22426.177734375,0.7173442840576172,0.28435859084129333,0.11012927442789078,2025,4703,TN,42.0,0.0,0.0
0.16876456141471863,95884.265625,28475.474609375,0.7616391181945801,0.2389167696237564,0.1304653435945511,2021,4704,TN,42.0,0.0,0.0
0.15984950959682465,87937.1171875,26421.7578125,0.7530637979507446,0.24617722630500793,0.1214238628745079,2022,4704,TN,42.0,0.0,0.0
0.15230493247509003,81720.2890625,24917.689453125,0.7533019781112671,0.24695338308811188,0.11418972909450531,2023,4704,TN,42.0,0.0,0.0
0.14663584530353546,76871.1796875,23767.2890625,0.7536519169807434,0.2483440637588501,0.10789694637060165,2024,4704,TN,42.0,0.0,0.0
0.14280767738819122,73199.8515625,22950.8125,0.7525325417518616,0.24992364645004272,0.10295051336288452,2025,4704,TN,42.0,0.0,0.0
0.15002061426639557,90927.7109375,24275.0703125,0.6990071535110474,0.3008415102958679,0.12622614204883575,2021,4705,TN,42.0,0.0,0.0
0.14314353466033936,84684.859375,23160.875,0.6933781504631042,0.30751344561576843,0.11801598221063614,2022,4705,TN,42.0,0.0,0.0
0.13717272877693176,78988.7734375,22203.748046875,0.6892035603523254,0.31163594126701355,0.11050459742546082,2023,4705,TN,42.0,0.0,0.0
0.13250398635864258,73926.4296875,21432.31640625,0.6842861175537109,0.31607720255851746,0.10361776500940323,2024,4705,TN,42.0,0.0,0.0
0.12886090576648712,69632.0,20879.54296875,0.6793939471244812,0.3204241991043091,0.0979190543293953,2025,4705,TN,42.0,0.0,0.0
0.15185658633708954,79731.8046875,24769.515625,0.7919544577598572,0.21126259863376617,0.10982955247163773,2021,4706,TN,42.0,0.0,0.0
0.14758892357349396,74114.8046875,23687.599609375,0.7825811505317688,0.2205878347158432,0.10343204438686371,2022,4706,TN,42.0,0.0,0.0
0.14424172043800354,71352.625,22917.853515625,0.7817423343658447,0.2213464230298996,0.1000232994556427,2023,4706,TN,42.0,0.0,0.0
0.14232966303825378,69475.125,22366.705078125,0.7806670665740967,0.22227083146572113,0.09789587557315826,2024,4706,TN,42.0,0.0,0.0
0.14114804565906525,67968.5859375,21973.763671875,0.7792490720748901,0.22340533137321472,0.09614170342683792,2025,4706,TN,42.0,0.0,0.0
0.14953795075416565,86092.6640625,27123.515625,0.6925026774406433,0.30926191806793213,0.11441364139318466,2021,4707,TN,42.0,0.0,0.0
0.14354585111141205,79832.328125,25377.986328125,0.6855199933052063,0.3150918781757355,0.10789429396390915,2022,4707,TN,42.0,0.0,0.0
0.137896329164505,75158.7109375,24058.5390625,0.6836889982223511,0.3169430196285248,0.10274781286716461,2023,4707,TN,42.0,0.0,0.0
0.13339155912399292,71268.21875,23059.78125,0.6812528371810913,0.3193383812904358,0.09821218997240067,2024,4707,TN,42.0,0.0,0.0
0.12996794283390045,67857.859375,22320.458984375,0.6778101921081543,0.322103351354599,0.09401495009660721,2025,4707,TN,42.0,0.0,0.0
0.15704843401908875,87311.4375,25864.06640625,0.6512538194656372,0.3487448990345001,0.12081679701805115,2021,4708,TN,42.0,0.0,0.0
0.14811721444129944,81879.03125,24548.326171875,0.6437808871269226,0.3557360768318176,0.11418160051107407,2022,4708,TN,42.0,0.0,0.0
0.14027169346809387,76570.9296875,23371.130859375,0.6387916207313538,0.3607076108455658,0.10733739286661148,2023,4708,TN,42.0,0.0,0.0
0.13318443298339844,71418.265625,22324.4609375,0.6338041424751282,0.36599597334861755,0.1002873107790947,2024,4708,TN,42.0,0.0,0.0
0.12740711867809296,66874.1171875,21553.595703125,0.6284351348876953,0.3709472417831421,0.09377583861351013,2025,4708,TN,42.0,0.0,0.0
0.2316914051771164,151333.46875,42552.01953125,0.5876256227493286,0.4119437634944916,0.20437143743038177,2021,4709,TN,42.0,0.0,0.0
0.2152048945426941,144428.09375,39803.3828125,0.5695065259933472,0.42888984084129333,0.1932128667831421,2022,4709,TN,42.0,0.0,0.0
0.20201531052589417,136250.71875,37476.52734375,0.5500493049621582,0.4489552676677704,0.18100234866142273,2023,4709,TN,42.0,0.0,0.0
0.18983902037143707,127952.8203125,35059.234375,0.5341319441795349,0.4660639762878418,0.16829364001750946,2024,4709,TN,42.0,0.0,0.0
0.1791210174560547,121247.8984375,33067.5546875,0.5228050947189331,0.47727152705192566,0.15706320106983185,2025,4709,TN,42.0,0.0,0.0
0.23260924220085144,127461.3046875,41575.41796875,0.7019158005714417,0.29502153396606445,0.17179228365421295,2021,4801,TX,43.0,0.0,0.0
0.2177513688802719,122454.5390625,38610.046875,0.6904574036598206,0.3045918941497803,0.16397258639335632,2022,4801,TX,43.0,0.0,0.0
0.20267988741397858,116296.2890625,35538.2109375,0.6769249439239502,0.3185158371925354,0.15529677271842957,2023,4801,TX,43.0,0.0,0.0
0.18845374882221222,110118.6796875,32504.912109375,0.6658569574356079,0.33200737833976746,0.14711792767047882,2024,4801,TX,43.0,0.0,0.0
0.17608211934566498,104689.3203125,30159.87890625,0.6579034924507141,0.3413357138633728,0.13949744403362274,2025,4801,TX,43.0,0.0,0.0
0.19152051210403442,110255.8359375,37731.2578125,0.5739715695381165,0.42671018838882446,0.1417866051197052,2021,4802,TX,43.0,0.0,0.0
0.18134719133377075,106532.03125,35418.3671875,0.5640786290168762,0.43661797046661377,0.1371060311794281,2022,4802,TX,43.0,0.0,0.0
0.1717185080051422,103169.546875,33298.3984375,0.5573262572288513,0.4436926543712616,0.13335935771465302,2023,4802,TX,43.0,0.0,0.0
0.16234910488128662,99660.0078125,31159.94140625,0.550866961479187,0.4502284526824951,0.13000993430614471,2024,4802,TX,43.0,0.0,0.0
0.15382076799869537,95671.6328125,29228.12109375,0.5442382097244263,0.4561244547367096,0.12571486830711365,2025,4802,TX,43.0,0.0,0.0
0.15646132826805115,105782.4765625,33897.796875,0.3787890076637268,0.626345694065094,0.1311161369085312,2021,4803,TX,43.0,0.0,0.0
0.14995484054088593,103278.1328125,31896.947265625,0.38173484802246094,0.6233156323432922,0.13005462288856506,2022,4803,TX,43.0,0.0,0.0
0.14293742179870605,99453.0625,30028.25390625,0.3853047490119934,0.6191360950469971,0.12683871388435364,2023,4803,TX,43.0,0.0,0.0
0.1359669417142868,94812.7890625,28180.98828125,0.38706400990486145,0.617133378982544,0.12199626117944717,2024,4803,TX,43.0,0.0,0.0
0.12905943393707275,89750.8125,26395.70703125,0.3888542652130127,0.6146245002746582,0.11631257832050323,2025,4803,TX,43.0,0.0,0.0
0.21152356266975403,116087.0546875,38989.6875,0.6445831656455994,0.35112264752388,0.15376092493534088,2021,4804,TX,43.0,0.0,0.0
0.19615128636360168,110773.2421875,35895.83984375,0.6308183073997498,0.36655476689338684,0.14620305597782135,2022,4804,TX,43.0,0.0,0.0
0.1821703016757965,105373.875,33185.2265625,0.6222136616706848,0.3773047626018524,0.13872309029102325,2023,4804,TX,43.0,0.0,0.0
0.17047113180160522,100569.3125,30803.375,0.6162096858024597,0.38502180576324463,0.1330716907978058,2024,4804,TX,43.0,0.0,0.0
0.16067734360694885,96031.84375,28876.01171875,0.6084508299827576,0.39178267121315,0.12826065719127655,2025,4804,TX,43.0,0.0,0.0
0.2096744328737259,113268.9140625,39595.71484375,0.7464004755020142,0.25247326493263245,0.15037359297275543,2021,4805,TX,43.0,0.0,0.0
0.19757415354251862,108403.8359375,36497.6171875,0.7390013933181763,0.26078760623931885,0.14465147256851196,2022,4805,TX,43.0,0.0,0.0
0.1863948106765747,103424.1171875,33578.6796875,0.7323468327522278,0.26725348830223083,0.13825909793376923,2023,4805,TX,43.0,0.0,0.0
0.17610102891921997,98313.0078125,31016.205078125,0.7274550795555115,0.2721462845802307,0.132206529378891,2024,4805,TX,43.0,0.0,0.0
0.1666094809770584,92681.21875,28786.40234375,0.7239046692848206,0.27567458152770996,0.12604422867298126,2025,4805,TX,43.0,0.0,0.0
0.1798635572195053,107354.859375,36651.68359375,0.5540536046028137,0.4452676773071289,0.13571658730506897,2021,4806,TX,43.0,0.0,0.0
0.16928599774837494,104689.8515625,34030.04296875,0.5457730293273926,0.4548034071922302,0.1330164074897766,2022,4806,TX,43.0,0.0,0.0
0.15929050743579865,100511.609375,31525.884765625,0.5385558605194092,0.4620669484138489,0.12956856191158295,2023,4806,TX,43.0,0.0,0.0
0.150617778301239,95762.34375,29332.986328125,0.5313878059387207,0.46891146898269653,0.12481914460659027,2024,4806,TX,43.0,0.0,0.0
0.14307047426700592,91208.1640625,27567.859375,0.5250608921051025,0.47461435198783875,0.11972648650407791,2025,4806,TX,43.0,0.0,0.0
0.18727914988994598,108526.5625,37852.99609375,0.5617185831069946,0.4381774365901947,0.1383749395608902,2021,4807,TX,43.0,0.0,0.0
0.17632783949375153,104861.2734375,35348.84375,0.5505639910697937,0.450286865234375,0.1337343007326126,2022,4807,TX,43.0,0.0,0.0
0.16578634083271027,101003.9609375,32743.791015625,0.5435758233070374,0.4576481878757477,0.1301824152469635,2023,4807,TX,43.0,0.0,0.0
0.1562262773513794,96869.5546875,30381.775390625,0.5374004244804382,0.46340611577033997,0.1261645406484604,2024,4807,TX,43.0,0.0,0.0
0.14777110517024994,92453.1015625,28374.177734375,0.5311405062675476,0.46900489926338196,0.12133510410785675,2025,4807,TX,43.0,0.0,0.0
0.18312405049800873,111926.59375,38494.51953125,0.5548698306083679,0.4433172941207886,0.13968734443187714,2021,4808,TX,43.0,0.0,0.0
0.1747504472732544,109548.6171875,36198.5390625,0.5451226234436035,0.4541427493095398,0.137210875749588,2022,4808,TX,43.0,0.0,0.0
0.16557253897190094,106488.625,33807.9609375,0.5378969311714172,0.46253716945648193,0.13429197669029236,2023,4808,TX,43.0,0.0,0.0
0.15706975758075714,102763.859375,31529.22265625,0.5312381386756897,0.4693794250488281,0.13134974241256714,2024,4808,TX,43.0,0.0,0.0
0.1494220495223999,98593.15625,29493.6484375,0.5248239040374756,0.47545984387397766,0.1275733858346939,2025,4808,TX,43.0,0.0,0.0
0.23496203124523163,141859.765625,48032.1015625,0.6808546185493469,0.31515926122665405,0.1833154708147049,2021,4809,TX,43.0,0.0,0.0
0.2188110202550888,135312.546875,44511.03125,0.6636548042297363,0.33229848742485046,0.1726713627576828,2022,4809,TX,43.0,0.0,0.0
0.20550209283828735,129179.4140625,41264.04296875,0.6471197605133057,0.3481704294681549,0.1639903336763382,2023,4809,TX,43.0,0.0,0.0
0.19298847019672394,123319.0,38058.6640625,0.6312741637229919,0.36374515295028687,0.15631026029586792,2024,4809,TX,43.0,0.0,0.0
0.18180204927921295,118233.2890625,35162.359375,0.61947101354599,0.37679576873779297,0.15019477903842926,2025,4809,TX,43.0,0.0,0.0
0.17704202234745026,111226.3984375,37720.421875,0.5334725379943848,0.46526119112968445,0.1379835158586502,2021,4810,TX,43.0,0.0,0.0
0.17009004950523376,109034.2890625,35594.1484375,0.5259324312210083,0.47400933504104614,0.13607384264469147,2022,4810,TX,43.0,0.0,0.0
0.1622926890850067,106270.5859375,33454.8046875,0.5196169018745422,0.4808497726917267,0.13388191163539886,2023,4810,TX,43.0,0.0,0.0
0.1546299308538437,102604.9765625,31302.50390625,0.5130388140678406,0.4879195988178253,0.1309298872947693,2024,4810,TX,43.0,0.0,0.0
0.14777351915836334,98990.3515625,29464.955078125,0.5081194639205933,0.49230265617370605,0.12767229974269867,2025,4810,TX,43.0,0.0,0.0
0.18783706426620483,99092.1015625,36584.9140625,0.6284723281860352,0.37025806307792664,0.13005565106868744,2021,4811,TX,43.0,0.0,0.0
0.17931486666202545,94802.59375,34632.58203125,0.6209516525268555,0.37793800234794617,0.12520501017570496,2022,4811,TX,43.0,0.0,0.0
0.17050103843212128,91316.921875,32649.498046875,0.6163371801376343,0.3834628760814667,0.12102040648460388,2023,4811,TX,43.0,0.0,0.0
0.16154572367668152,87740.4609375,30589.369140625,0.611527144908905,0.3885924518108368,0.11665210127830505,2024,4811,TX,43.0,0.0,0.0
0.1528688222169876,83757.1875,28648.818359375,0.6057227253913879,0.39365720748901367,0.11192233115434647,2025,4811,TX,43.0,0.0,0.0
0.18310768902301788,109813.859375,35820.0859375,0.5649462938308716,0.4350474774837494,0.14057843387126923,2021,4812,TX,43.0,0.0,0.0
0.1717461496591568,106070.171875,33253.98046875,0.5563960075378418,0.4449875056743622,0.13589008152484894,2022,4812,TX,43.0,0.0,0.0
0.16147463023662567,101984.3515625,30904.92578125,0.5496557950973511,0.45116791129112244,0.1322472095489502,2023,4812,TX,43.0,0.0,0.0
0.15297329425811768,97769.90625,29005.4140625,0.5433006286621094,0.45664405822753906,0.12832185626029968,2024,4812,TX,43.0,0.0,0.0
0.14518646895885468,93229.2421875,27360.71484375,0.5368722677230835,0.46239373087882996,0.12312047928571701,2025,4812,TX,43.0,0.0,0.0
0.20762674510478973,104186.1875,36568.21875,0.7042519450187683,0.2931722402572632,0.1416567862033844,2021,4813,TX,43.0,0.0,0.0
0.19336742162704468,98984.7421875,33703.4296875,0.7006118297576904,0.2967093288898468,0.13468024134635925,2022,4813,TX,43.0,0.0,0.0
0.18120768666267395,94272.546875,31279.33203125,0.697233259677887,0.3015366494655609,0.12845809757709503,2023,4813,TX,43.0,0.0,0.0
0.17005567252635956,89318.734375,29085.05078125,0.6942096948623657,0.3046582341194153,0.12252472341060638,2024,4813,TX,43.0,0.0,0.0
0.16089467704296112,84224.0703125,27280.560546875,0.6917142868041992,0.3081090748310089,0.11628168076276779,2025,4813,TX,43.0,0.0,0.0
0.2112928181886673,121817.6015625,40335.3515625,0.5781223177909851,0.4214053750038147,0.1588609367609024,2021,4814,TX,43.0,0.0,0.0
0.19722557067871094,116865.8125,37660.86328125,0.5629119277000427,0.4366716146469116,0.15068310499191284,2022,4814,TX,43.0,0.0,0.0
0.18540625274181366,112299.5,35300.1171875,0.5522147417068481,0.44806113839149475,0.1441662609577179,2023,4814,TX,43.0,0.0,0.0
0.17484115064144135,108513.84375,33061.42578125,0.5432965755462646,0.4573822021484375,0.1395411491394043,2024,4814,TX,43.0,0.0,0.0
0.16520029306411743,104705.7734375,30990.603515625,0.5359317660331726,0.4652862548828125,0.1357639729976654,2025,4814,TX,43.0,0.0,0.0
0.26775333285331726,120067.0,60347.03515625,0.8196960687637329,0.1802162081003189,0.14886440336704254,2021,4815,TX,43.0,0.0,0.0
0.268996000289917,120739.1484375,59548.17578125,0.8227454423904419,0.17737546563148499,0.1523180603981018,2022,4815,TX,43.0,0.0,0.0
0.26682963967323303,122547.2421875,58177.390625,0.8266716003417969,0.17380209267139435,0.15618224442005157,2023,4815,TX,43.0,0.0,0.0
0.2617557942867279,122511.7109375,55980.4140625,0.8261055946350098,0.17443536221981049,0.15777739882469177,2024,4815,TX,43.0,0.0,0.0
0.25501778721809387,121101.90625,53325.04296875,0.8230342268943787,0.17717023193836212,0.15755105018615723,2025,4815,TX,43.0,0.0,0.0
0.2425292730331421,108905.3515625,47464.99609375,0.7958572506904602,0.20329062640666962,0.14376020431518555,2021,4816,TX,43.0,0.0,0.0
0.23843874037265778,106604.453125,46241.00390625,0.7992794513702393,0.20006100833415985,0.1419854611158371,2022,4816,TX,43.0,0.0,0.0
0.2323714643716812,104930.4609375,44419.421875,0.8025743961334229,0.19696199893951416,0.1410624384880066,2023,4816,TX,43.0,0.0,0.0
0.2230370044708252,101909.1953125,41743.75390625,0.8013910055160522,0.1990167796611786,0.13835300505161285,2024,4816,TX,43.0,0.0,0.0
0.21202942728996277,97995.828125,38654.76171875,0.7981529831886292,0.2039717137813568,0.1337634176015854,2025,4816,TX,43.0,0.0,0.0
0.1988113820552826,125908.21875,35438.36328125,0.6559110283851624,0.33813247084617615,0.1656491607427597,2021,4817,TX,43.0,0.0,0.0
0.18412913382053375,118835.6953125,32348.720703125,0.6427724361419678,0.3524948060512543,0.15617483854293823,2022,4817,TX,43.0,0.0,0.0
0.172574982047081,112827.1953125,30216.033203125,0.6340255737304688,0.36301133036613464,0.14787209033966064,2023,4817,TX,43.0,0.0,0.0
0.16309237480163574,107641.03125,28589.337890625,0.6276236772537231,0.37154340744018555,0.14117583632469177,2024,4817,TX,43.0,0.0,0.0
0.15508179366588593,102434.640625,27167.814453125,0.6217292547225952,0.37765881419181824,0.13592572510242462,2025,4817,TX,43.0,0.0,0.0
0.23863013088703156,143659.96875,49624.69921875,0.7011778354644775,0.29623278975486755,0.18424807488918304,2021,4818,TX,43.0,0.0,0.0
0.2249910682439804,137871.953125,46323.1328125,0.6884238123893738,0.3082464933395386,0.17507052421569824,2022,4818,TX,43.0,0.0,0.0
0.21316862106323242,132574.640625,43266.26953125,0.6737820506095886,0.32240715622901917,0.16793647408485413,2023,4818,TX,43.0,0.0,0.0
0.20098435878753662,127369.28125,40126.984375,0.6587863564491272,0.3366326689720154,0.1610223650932312,2024,4818,TX,43.0,0.0,0.0
0.1896522492170334,122293.5078125,37138.9609375,0.6451588273048401,0.3500308394432068,0.15489453077316284,2025,4818,TX,43.0,0.0,0.0
0.20973534882068634,113935.9921875,37726.23828125,0.712714672088623,0.28376859426498413,0.15189644694328308,2021,4819,TX,43.0,0.0,0.0
0.1985771209001541,110284.3671875,35412.609375,0.7075439691543579,0.2899623215198517,0.14741423726081848,2022,4819,TX,43.0,0.0,0.0
0.18727529048919678,105753.546875,32882.78125,0.7002488374710083,0.29783713817596436,0.14162181317806244,2023,4819,TX,43.0,0.0,0.0
0.176365464925766,100860.4921875,30500.2109375,0.6946985721588135,0.304863303899765,0.1352158784866333,2024,4819,TX,43.0,0.0,0.0
0.16657453775405884,95618.8515625,28509.05859375,0.690410852432251,0.3092733323574066,0.12935860455036163,2025,4819,TX,43.0,0.0,0.0
0.25001204013824463,131403.59375,51232.36328125,0.776206374168396,0.22223784029483795,0.16778095066547394,2021,4820,TX,43.0,0.0,0.0
0.24686279892921448,129798.3828125,49653.515625,0.7759824395179749,0.22216950356960297,0.16778476536273956,2022,4820,TX,43.0,0.0,0.0
0.24174515902996063,128665.6875,48192.66796875,0.7736979722976685,0.2244846373796463,0.16744296252727509,2023,4820,TX,43.0,0.0,0.0
0.23351265490055084,125552.1171875,45903.4609375,0.7681746482849121,0.2304905503988266,0.16428092122077942,2024,4820,TX,43.0,0.0,0.0
0.22335940599441528,120974.59375,43051.9453125,0.7610968351364136,0.23803697526454926,0.15906667709350586,2025,4820,TX,43.0,0.0,0.0
0.1666395664215088,103689.703125,27724.150390625,0.5445894002914429,0.45671766996383667,0.14039088785648346,2021,4821,TX,43.0,0.0,0.0
0.15618778765201569,97672.65625,26381.419921875,0.5352080464363098,0.4648577570915222,0.13326609134674072,2022,4821,TX,43.0,0.0,0.0
0.14703388512134552,92437.828125,25168.85546875,0.5309951305389404,0.46869969367980957,0.12635789811611176,2023,4821,TX,43.0,0.0,0.0
0.13887423276901245,87346.796875,24057.00390625,0.5281065702438354,0.4710317850112915,0.1194562092423439,2024,4821,TX,43.0,0.0,0.0
0.13158175349235535,82033.265625,23009.69921875,0.525784969329834,0.47344720363616943,0.11241406947374344,2025,4821,TX,43.0,0.0,0.0
0.18111716210842133,112439.7109375,42948.5078125,0.4173358082771301,0.5827287435531616,0.13347546756267548,2021,4822,TX,43.0,0.0,0.0
0.1772308647632599,112106.4140625,40885.63671875,0.4106614589691162,0.5901747941970825,0.1345619559288025,2022,4822,TX,43.0,0.0,0.0
0.17156882584095,111004.015625,38824.52734375,0.4074341058731079,0.593839168548584,0.13437648117542267,2023,4822,TX,43.0,0.0,0.0
0.16574247181415558,109320.6015625,36800.96484375,0.4053608775138855,0.5970903635025024,0.13383392989635468,2024,4822,TX,43.0,0.0,0.0
0.16018888354301453,107434.859375,34956.01953125,0.40405458211898804,0.5992409586906433,0.132920041680336,2025,4822,TX,43.0,0.0,0.0
0.22164973616600037,101432.671875,46132.57421875,0.7302430868148804,0.2673148810863495,0.1301252692937851,2021,4823,TX,43.0,0.0,0.0
0.22191862761974335,100599.921875,45921.484375,0.7375964522361755,0.2600781321525574,0.12986429035663605,2022,4823,TX,43.0,0.0,0.0
0.2193722277879715,100792.4453125,45090.25390625,0.744006872177124,0.2538760304450989,0.13058824837207794,2023,4823,TX,43.0,0.0,0.0
0.21406662464141846,99738.7578125,43452.203125,0.7478040456771851,0.2503633499145508,0.12981194257736206,2024,4823,TX,43.0,0.0,0.0
0.20698553323745728,97028.2421875,41235.91796875,0.749309778213501,0.2490210384130478,0.12716928124427795,2025,4823,TX,43.0,0.0,0.0
0.15606361627578735,99925.96875,29226.91796875,0.5527104139328003,0.44829463958740234,0.13075251877307892,2021,4824,TX,43.0,0.0,0.0
0.146467924118042,94578.125,27247.205078125,0.5426792502403259,0.45687273144721985,0.12543857097625732,2022,4824,TX,43.0,0.0,0.0
0.13779298961162567,88756.4453125,25494.529296875,0.5376817584037781,0.46147051453590393,0.11845437437295914,2023,4824,TX,43.0,0.0,0.0
0.13040784001350403,82940.6796875,24017.36328125,0.5341253280639648,0.4649869203567505,0.11148224025964737,2024,4824,TX,43.0,0.0,0.0
0.12423836439847946,77537.53125,22819.111328125,0.5311744213104248,0.4679598808288574,0.10484029352664948,2025,4824,TX,43.0,0.0,0.0
0.18623940646648407,108509.6875,35452.4140625,0.542015552520752,0.4590620696544647,0.14033298194408417,2021,4825,TX,43.0,0.0,0.0
0.17520512640476227,105832.375,33314.71875,0.5322197675704956,0.46937325596809387,0.1364717185497284,2022,4825,TX,43.0,0.0,0.0
0.16487158834934235,101817.125,31167.326171875,0.5248110294342041,0.47689327597618103,0.1326669156551361,2023,4825,TX,43.0,0.0,0.0
0.15575329959392548,97379.71875,29198.70703125,0.5177912712097168,0.4835773706436157,0.12828943133354187,2024,4825,TX,43.0,0.0,0.0
0.14718268811702728,92803.5703125,27456.572265625,0.5118086338043213,0.48845720291137695,0.12303362786769867,2025,4825,TX,43.0,0.0,0.0
0.1635156124830246,104837.734375,36120.515625,0.38139915466308594,0.6223486661911011,0.12896619737148285,2021,4826,TX,43.0,0.0,0.0
0.15708667039871216,103111.40625,34037.6953125,0.3806958794593811,0.6242391467094421,0.12858404219150543,2022,4826,TX,43.0,0.0,0.0
0.14945736527442932,100044.046875,31895.462890625,0.3813250660896301,0.6239473819732666,0.1261022537946701,2023,4826,TX,43.0,0.0,0.0
0.1426868587732315,96399.796875,30021.650390625,0.3823367953300476,0.6226087808609009,0.12259730696678162,2024,4826,TX,43.0,0.0,0.0
0.13579872250556946,91988.5234375,28150.642578125,0.38208597898483276,0.622665524482727,0.11791221797466278,2025,4826,TX,43.0,0.0,0.0
0.2127772569656372,105535.359375,39146.21484375,0.704454243183136,0.2927647829055786,0.140886589884758,2021,4827,TX,43.0,0.0,0.0
0.20308110117912292,101595.1640625,37210.140625,0.7019320726394653,0.2951851487159729,0.13599438965320587,2022,4827,TX,43.0,0.0,0.0
0.19316741824150085,98281.21875,35159.14453125,0.7003737092018127,0.2971249222755432,0.13199761509895325,2023,4827,TX,43.0,0.0,0.0
0.18276764452457428,94450.4453125,32839.59375,0.6987488865852356,0.3004164397716522,0.12713395059108734,2024,4827,TX,43.0,0.0,0.0
0.17224888503551483,90014.9765625,30491.646484375,0.6965674757957458,0.3025403320789337,0.1218942329287529,2025,4827,TX,43.0,0.0,0.0
0.27302148938179016,123042.7890625,60545.3671875,0.819628119468689,0.18040835857391357,0.15429995954036713,2021,4828,TX,43.0,0.0,0.0
0.27217355370521545,122977.25,59332.66015625,0.8227349519729614,0.177740678191185,0.15650725364685059,2022,4828,TX,43.0,0.0,0.0
0.26875680685043335,123853.1875,57847.734375,0.82539302110672,0.17506524920463562,0.15901634097099304,2023,4828,TX,43.0,0.0,0.0
0.26282811164855957,123253.25,55635.80859375,0.824103057384491,0.1762666255235672,0.1596081256866455,2024,4828,TX,43.0,0.0,0.0
0.2552613914012909,121241.875,52924.30859375,0.8200591802597046,0.1799478381872177,0.1582905799150467,2025,4828,TX,43.0,0.0,0.0
0.25055357813835144,115959.3125,54262.3515625,0.8137457370758057,0.18451744318008423,0.1469767987728119,2021,4829,TX,43.0,0.0,0.0
0.24817827343940735,114408.3359375,52534.81640625,0.8125255107879639,0.1859940141439438,0.14718793332576752,2022,4829,TX,43.0,0.0,0.0
0.24335794150829315,113329.8203125,50358.48828125,0.8130598068237305,0.18603277206420898,0.1476103812456131,2023,4829,TX,43.0,0.0,0.0
0.2363838106393814,111493.7578125,47740.26953125,0.8116402626037598,0.18836690485477448,0.1470993310213089,2024,4829,TX,43.0,0.0,0.0
0.2279568463563919,108645.125,44833.75390625,0.8081973195075989,0.19268248975276947,0.14498071372509003,2025,4829,TX,43.0,0.0,0.0
0.2209598273038864,140154.5,47853.1328125,0.6510765552520752,0.34500977396965027,0.17588858306407928,2021,4830,TX,43.0,0.0,0.0
0.20782621204853058,134628.75,44231.03125,0.6314791440963745,0.3638259172439575,0.16837072372436523,2022,4830,TX,43.0,0.0,0.0
0.1955079287290573,128559.1484375,41032.92578125,0.6139417290687561,0.38092517852783203,0.16035014390945435,2023,4830,TX,43.0,0.0,0.0
0.18491041660308838,122993.90625,37977.51171875,0.5998988747596741,0.39591678977012634,0.15310978889465332,2024,4830,TX,43.0,0.0,0.0
0.1751948595046997,118380.78125,35369.21484375,0.5905777812004089,0.406811386346817,0.1476898044347763,2025,4830,TX,43.0,0.0,0.0
0.19693610072135925,122324.1328125,43636.7421875,0.5061308741569519,0.49550512433052063,0.14963769912719727,2021,4831,TX,43.0,0.0,0.0
0.18865948915481567,119136.875,41117.27734375,0.49048393964767456,0.5094894170761108,0.14605537056922913,2022,4831,TX,43.0,0.0,0.0
0.18091461062431335,116151.3984375,38864.4296875,0.4809229373931885,0.5178967714309692,0.1428246945142746,2023,4831,TX,43.0,0.0,0.0
0.17360524833202362,113677.21875,36805.20703125,0.47498372197151184,0.5244068503379822,0.14026711881160736,2024,4831,TX,43.0,0.0,0.0
0.16662006080150604,111385.7265625,34851.91796875,0.4712827801704407,0.5293803215026855,0.13833768665790558,2025,4831,TX,43.0,0.0,0.0
0.17047274112701416,99809.5234375,29852.287109375,0.5921465754508972,0.4090406894683838,0.1330845206975937,2021,4832,TX,43.0,0.0,0.0
0.15904565155506134,95201.3359375,27961.923828125,0.5831056237220764,0.4168189465999603,0.1283072680234909,2022,4832,TX,43.0,0.0,0.0
0.14936840534210205,90035.1015625,26314.328125,0.5763012766838074,0.4228696823120117,0.122003473341465,2023,4832,TX,43.0,0.0,0.0
0.14080065488815308,84411.9375,24821.623046875,0.5700481534004211,0.4287569522857666,0.1151382103562355,2024,4832,TX,43.0,0.0,0.0
0.13327118754386902,78612.7109375,23492.87109375,0.564548134803772,0.4345383644104004,0.10793595016002655,2025,4832,TX,43.0,0.0,0.0
0.25061219930648804,123470.7890625,54126.99609375,0.8478016257286072,0.15394878387451172,0.1581364870071411,2021,4833,TX,43.0,0.0,0.0
0.24396751821041107,118948.7421875,50706.31640625,0.8386598825454712,0.16289359331130981,0.15511301159858704,2022,4833,TX,43.0,0.0,0.0
0.2367907613515854,116091.171875,47747.8984375,0.8355273604393005,0.1668718159198761,0.15350285172462463,2023,4833,TX,43.0,0.0,0.0
0.22830872237682343,112891.90625,44585.87890625,0.8295097351074219,0.17362350225448608,0.15136058628559113,2024,4833,TX,43.0,0.0,0.0
0.21932095289230347,109220.3671875,41347.64453125,0.8228532671928406,0.1809518039226532,0.14852221310138702,2025,4833,TX,43.0,0.0,0.0
0.26186227798461914,109088.375,54249.41015625,0.8315747380256653,0.16720066964626312,0.1417272984981537,2021,4834,TX,43.0,0.0,0.0
0.2576707899570465,106286.34375,52590.70703125,0.8318277597427368,0.1676652580499649,0.13970918953418732,2022,4834,TX,43.0,0.0,0.0
0.2508947551250458,105270.34375,50378.52734375,0.8350891470909119,0.16476590931415558,0.1399010568857193,2023,4834,TX,43.0,0.0,0.0
0.2422175109386444,103608.1484375,47591.4296875,0.8353258371353149,0.16487576067447662,0.13929776847362518,2024,4834,TX,43.0,0.0,0.0
0.23233167827129364,101011.3984375,44487.3203125,0.8322235345840454,0.16824716329574585,0.1371840089559555,2025,4834,TX,43.0,0.0,0.0
0.23101826012134552,129220.0390625,44401.8671875,0.7665660381317139,0.2323010116815567,0.16889362037181854,2021,4835,TX,43.0,0.0,0.0
0.22229357063770294,123838.6328125,42094.1171875,0.7589146494865417,0.24015212059020996,0.16252443194389343,2022,4835,TX,43.0,0.0,0.0
0.21252062916755676,119385.78125,39483.48046875,0.7541171312332153,0.2458992600440979,0.15781943500041962,2023,4835,TX,43.0,0.0,0.0
0.20125804841518402,114168.8828125,36470.48828125,0.7471182346343994,0.2534870207309723,0.15243707597255707,2024,4835,TX,43.0,0.0,0.0
0.18913859128952026,108539.5859375,33235.546875,0.7392517328262329,0.2618137300014496,0.14618219435214996,2025,4835,TX,43.0,0.0,0.0
0.22308115661144257,116385.5703125,42868.6484375,0.6296725273132324,0.3684137463569641,0.15264396369457245,2021,4836,TX,43.0,0.0,0.0
0.21001388132572174,111816.7421875,40312.8203125,0.6183551549911499,0.3783058226108551,0.1460554003715515,2022,4836,TX,43.0,0.0,0.0
0.1975511908531189,106833.4375,37727.20703125,0.6086409091949463,0.390025794506073,0.13992741703987122,2023,4836,TX,43.0,0.0,0.0
0.18616309762001038,103009.125,35429.4140625,0.6003565788269043,0.399087518453598,0.13502618670463562,2024,4836,TX,43.0,0.0,0.0
0.17563138902187347,99209.6328125,33186.5078125,0.5927500128746033,0.4076126515865326,0.13064751029014587,2025,4836,TX,43.0,0.0,0.0
0.12595899403095245,76709.3671875,27097.904296875,0.5332764387130737,0.4650122821331024,0.09717417508363724,2021,4901,UT,44.0,0.0,0.0
0.121099092066288,71701.8046875,25152.65625,0.5248298645019531,0.47326236963272095,0.09261941909790039,2022,4901,UT,44.0,0.0,0.0
0.11613284796476364,67304.921875,23560.291015625,0.5208016633987427,0.4772810637950897,0.08802291005849838,2023,4901,UT,44.0,0.0,0.0
0.11179763078689575,63079.078125,22273.138671875,0.517445981502533,0.48102113604545593,0.08338309079408646,2024,4901,UT,44.0,0.0,0.0
0.10809516906738281,59174.64453125,21197.322265625,0.5145143866539001,0.4841020405292511,0.07877379655838013,2025,4901,UT,44.0,0.0,0.0
0.13524848222732544,87896.7265625,26633.669921875,0.5866295099258423,0.41312456130981445,0.11451498419046402,2021,4902,UT,44.0,0.0,0.0
0.13034355640411377,82491.203125,25120.48828125,0.5776861906051636,0.42112991213798523,0.10903836041688919,2022,4902,UT,44.0,0.0,0.0
0.12516967952251434,77662.2890625,23813.54296875,0.5731545090675354,0.42568838596343994,0.10371505469083786,2023,4902,UT,44.0,0.0,0.0
0.12035513669252396,72752.8515625,22640.49609375,0.5687003135681152,0.43026474118232727,0.09807195514440536,2024,4902,UT,44.0,0.0,0.0
0.11610890179872513,68159.8203125,21694.478515625,0.564977765083313,0.4339918792247772,0.09260798990726471,2025,4902,UT,44.0,0.0,0.0
0.12345850467681885,79977.0546875,26126.4609375,0.5137630701065063,0.4856010675430298,0.10206789523363113,2021,4903,UT,44.0,0.0,0.0
0.11857955157756805,74437.6953125,24255.86328125,0.5058848857879639,0.49293074011802673,0.09671436995267868,2022,4903,UT,44.0,0.0,0.0
0.11336295306682587,69499.203125,22704.0390625,0.5037142634391785,0.49517953395843506,0.09132785350084305,2023,4903,UT,44.0,0.0,0.0
0.10882014036178589,64682.421875,21424.916015625,0.5015674233436584,0.497491717338562,0.08577148616313934,2024,4903,UT,44.0,0.0,0.0
0.10503651946783066,60325.5625,20425.48828125,0.499694287776947,0.49918752908706665,0.08046268671751022,2025,4903,UT,44.0,0.0,0.0
0.12381944805383682,78419.1640625,28245.662109375,0.5030375123023987,0.4957447648048401,0.09684575349092484,2021,4904,UT,44.0,0.0,0.0
0.11997908353805542,73636.859375,26211.00390625,0.4936576187610626,0.5047640800476074,0.09302571415901184,2022,4904,UT,44.0,0.0,0.0
0.11513860523700714,69156.7265625,24433.2421875,0.4894947409629822,0.5089467763900757,0.08865415304899216,2023,4904,UT,44.0,0.0,0.0
0.11040043830871582,64889.58203125,22860.650390625,0.4869685471057892,0.5114760398864746,0.08407475799322128,2024,4904,UT,44.0,0.0,0.0
0.10621526092290878,60602.07421875,21552.701171875,0.4849395155906677,0.5139243602752686,0.0793071910738945,2025,4904,UT,44.0,0.0,0.0
0.13497397303581238,65101.9140625,16559.666015625,0.5725370645523071,0.4278208017349243,0.0982082411646843,2021,5000,VT,46.0,1.0,2.0
0.12510141730308533,60311.19921875,16004.255859375,0.5665900111198425,0.4334632158279419,0.09000302106142044,2022,5000,VT,46.0,1.0,2.0
0.11730863898992538,56005.42578125,15574.8916015625,0.5588207840919495,0.4410075545310974,0.08330989629030228,2023,5000,VT,46.0,1.0,2.0
0.1109185442328453,51810.453125,15168.48046875,0.5511497259140015,0.44837892055511475,0.07670433074235916,2024,5000,VT,46.0,1.0,2.0
0.10570568591356277,48135.8671875,14860.6376953125,0.5435981154441833,0.4554048478603363,0.0711890161037445,2025,5000,VT,46.0,1.0,2.0
0.10023710131645203,53566.35546875,18854.015625,0.5215675830841064,0.4762645363807678,0.07250747084617615,2021,5101,VA,45.0,0.0,0.0
0.09940977394580841,51050.45703125,18733.353515625,0.5143629312515259,0.48354747891426086,0.06908119469881058,2022,5101,VA,45.0,0.0,0.0
0.09773965179920197,48661.5625,18516.326171875,0.5090747475624084,0.48892590403556824,0.06570534408092499,2023,5101,VA,45.0,0.0,0.0
0.09599071741104126,46131.625,18277.572265625,0.5032087564468384,0.4949890673160553,0.062172383069992065,2024,5101,VA,45.0,0.0,0.0
0.09456440061330795,44090.3984375,18092.861328125,0.4986187219619751,0.4996909499168396,0.059239618480205536,2025,5101,VA,45.0,0.0,0.0
0.12590189278125763,71661.8359375,20602.34765625,0.5707718133926392,0.42853060364723206,0.10209619253873825,2021,5102,VA,45.0,0.0,0.0
0.1209774911403656,68103.515625,20328.763671875,0.5678845643997192,0.43136757612228394,0.09635742753744125,2022,5102,VA,45.0,0.0,0.0
0.11676271259784698,64282.49609375,20038.482421875,0.5623648166656494,0.4363998472690582,0.09051463752985,2023,5102,VA,45.0,0.0,0.0
0.11281154304742813,60303.8046875,19687.45703125,0.5559036135673523,0.4425714313983917,0.08453856408596039,2024,5102,VA,45.0,0.0,0.0
0.1094416007399559,56805.7734375,19353.607421875,0.5501070618629456,0.44812947511672974,0.07917627692222595,2025,5102,VA,45.0,0.0,0.0
0.16441579163074493,107632.90625,28589.642578125,0.5763964056968689,0.4207114279270172,0.14284123480319977,2021,5103,VA,45.0,0.0,0.0
0.1544480323791504,102347.78125,27233.689453125,0.5717548727989197,0.42677128314971924,0.13737407326698303,2022,5103,VA,45.0,0.0,0.0
0.14628447592258453,95990.8359375,25955.642578125,0.5638261437416077,0.434341162443161,0.13037671148777008,2023,5103,VA,45.0,0.0,0.0
0.13885542750358582,90194.28125,24700.9140625,0.556022584438324,0.44249600172042847,0.12226982414722443,2024,5103,VA,45.0,0.0,0.0
0.13224995136260986,84498.5078125,23543.880859375,0.5506241321563721,0.44821760058403015,0.11498086899518967,2025,5103,VA,45.0,0.0,0.0
0.15711495280265808,101049.765625,25691.955078125,0.5862807631492615,0.4121161997318268,0.13768091797828674,2021,5104,VA,45.0,0.0,0.0
0.15060174465179443,98892.046875,25413.15234375,0.5836114287376404,0.41450172662734985,0.13501250743865967,2022,5104,VA,45.0,0.0,0.0
0.14356619119644165,93693.7109375,24606.78125,0.5747675895690918,0.42332181334495544,0.12841887772083282,2023,5104,VA,45.0,0.0,0.0
0.13648425042629242,87599.0390625,23517.302734375,0.5686372518539429,0.4297703504562378,0.12017734348773956,2024,5104,VA,45.0,0.0,0.0
0.13052643835544586,81872.7734375,22606.775390625,0.5634140968322754,0.43559736013412476,0.11278937011957169,2025,5104,VA,45.0,0.0,0.0
0.15051043033599854,82901.609375,21905.021484375,0.6944044232368469,0.3051835596561432,0.12093980610370636,2021,5105,VA,45.0,0.0,0.0
0.14418920874595642,79052.1015625,21479.224609375,0.6935936808586121,0.3065624535083771,0.11448848992586136,2022,5105,VA,45.0,0.0,0.0
0.13917191326618195,74857.1953125,21101.275390625,0.6884809136390686,0.31221896409988403,0.1079881340265274,2023,5105,VA,45.0,0.0,0.0
0.1347724348306656,70642.703125,20664.330078125,0.6833124756813049,0.31712663173675537,0.101793073117733,2024,5105,VA,45.0,0.0,0.0
0.13103359937667847,66821.78125,20293.677734375,0.6781688928604126,0.32176992297172546,0.09625862538814545,2025,5105,VA,45.0,0.0,0.0
0.147790789604187,81255.640625,22051.185546875,0.7282372713088989,0.27235105633735657,0.11718692630529404,2021,5106,VA,45.0,0.0,0.0
0.1427650898694992,76224.3203125,21545.873046875,0.7286885380744934,0.2732042968273163,0.11002358794212341,2022,5106,VA,45.0,0.0,0.0
0.13897721469402313,72452.6171875,21164.05859375,0.7270863056182861,0.2749203145503998,0.10446212440729141,2023,5106,VA,45.0,0.0,0.0
0.1360912173986435,69181.4140625,20803.640625,0.724679708480835,0.2766759693622589,0.09964034706354141,2024,5106,VA,45.0,0.0,0.0
0.13391710817813873,66240.0234375,20467.47265625,0.722256064414978,0.27851060032844543,0.09538900852203369,2025,5106,VA,45.0,0.0,0.0
0.11824474483728409,66106.9609375,21505.853515625,0.5661414265632629,0.43282845616340637,0.09135996550321579,2021,5107,VA,45.0,0.0,0.0
0.11488992720842361,62504.41796875,20997.15625,0.5631188154220581,0.4355187714099884,0.08655612915754318,2022,5107,VA,45.0,0.0,0.0
0.1117527112364769,59497.83984375,20572.75390625,0.558555543422699,0.439540296792984,0.08203575015068054,2023,5107,VA,45.0,0.0,0.0
0.10904332995414734,56641.66796875,20140.814453125,0.5534403324127197,0.4444997310638428,0.07776015251874924,2024,5107,VA,45.0,0.0,0.0
0.10679363459348679,54085.6875,19776.94921875,0.5484329462051392,0.44940146803855896,0.07406321913003922,2025,5107,VA,45.0,0.0,0.0
0.09859440475702286,51940.359375,16232.7197265625,0.6839223504066467,0.3164784610271454,0.07184234261512756,2021,5108,VA,45.0,0.0,0.0
0.10392968356609344,50153.171875,16762.544921875,0.6719033122062683,0.3273203372955322,0.0713934600353241,2022,5108,VA,45.0,0.0,0.0
0.10706538707017899,49755.66015625,17183.458984375,0.670320987701416,0.3284100592136383,0.0716027170419693,2023,5108,VA,45.0,0.0,0.0
0.11007087677717209,49942.17578125,17726.7578125,0.6695230603218079,0.32879337668418884,0.07232705503702164,2024,5108,VA,45.0,0.0,0.0
0.11265558004379272,50074.22265625,18302.546875,0.6675721406936646,0.33049944043159485,0.07264088094234467,2025,5108,VA,45.0,0.0,0.0
0.18481792509555817,97932.796875,24244.884765625,0.7569445967674255,0.24124427139759064,0.14524957537651062,2021,5109,VA,45.0,0.0,0.0
0.17304165661334991,92047.7890625,23298.044921875,0.7545465230941772,0.24357324838638306,0.13594934344291687,2022,5109,VA,45.0,0.0,0.0
0.16449235379695892,87124.4609375,22706.736328125,0.7503724694252014,0.24871541559696198,0.1287299245595932,2023,5109,VA,45.0,0.0,0.0
0.15647272765636444,81598.875,22163.6875,0.7462379336357117,0.2544766664505005,0.12087725847959518,2024,5109,VA,45.0,0.0,0.0
0.14946387708187103,75883.90625,21669.521484375,0.7423757314682007,0.26083728671073914,0.11191361397504807,2025,5109,VA,45.0,0.0,0.0
0.07690250873565674,31361.662109375,16524.837890625,0.5222275257110596,0.4760448634624481,0.03928547352552414,2021,5110,VA,45.0,0.0,0.0
0.0808991938829422,29727.275390625,16763.17578125,0.5053115487098694,0.4925045967102051,0.03832618147134781,2022,5110,VA,45.0,0.0,0.0
0.08288551867008209,29968.822265625,17028.892578125,0.5008936524391174,0.49665936827659607,0.03893902897834778,2023,5110,VA,45.0,0.0,0.0
0.08475211262702942,30824.572265625,17360.728515625,0.49837762117385864,0.4990771412849426,0.040216490626335144,2024,5110,VA,45.0,0.0,0.0
0.08640703558921814,31307.150390625,17663.521484375,0.49472540616989136,0.5027147531509399,0.040888942778110504,2025,5110,VA,45.0,0.0,0.0
0.09318196028470993,46415.40234375,17570.67578125,0.5794382095336914,0.41955751180648804,0.06255076825618744,2021,5111,VA,45.0,0.0,0.0
0.0951266661286354,43688.640625,17794.66015625,0.564827561378479,0.43266430497169495,0.05968453735113144,2022,5111,VA,45.0,0.0,0.0
0.09603854268789291,42835.4140625,18002.798828125,0.560444712638855,0.43666911125183105,0.05874864012002945,2023,5111,VA,45.0,0.0,0.0
0.09718422591686249,42820.78125,18326.533203125,0.5575515627861023,0.43928512930870056,0.05875241756439209,2024,5111,VA,45.0,0.0,0.0
0.09819892793893814,42515.8359375,18575.548828125,0.5532262921333313,0.44363000988960266,0.05825892835855484,2025,5111,VA,45.0,0.0,0.0
0.10525275021791458,54047.3359375,18066.5078125,0.3990504741668701,0.6010147929191589,0.07118824124336243,2021,5301,WA,47.0,1.0,2.0
0.09832678735256195,49114.9296875,16677.75,0.39732271432876587,0.6023329496383667,0.06507022678852081,2022,5301,WA,47.0,1.0,2.0
0.09147677570581436,44279.0625,15448.4501953125,0.39578700065612793,0.6031997203826904,0.05894506722688675,2023,5301,WA,47.0,1.0,2.0
0.08572455495595932,39997.1484375,14452.8603515625,0.39547064900398254,0.6029226779937744,0.05358203500509262,2024,5301,WA,47.0,1.0,2.0
0.08115443587303162,36065.96484375,13753.279296875,0.39471107721328735,0.603421688079834,0.048517875373363495,2025,5301,WA,47.0,1.0,2.0
0.13451945781707764,74741.3828125,20082.23828125,0.526502788066864,0.47387513518333435,0.1040559783577919,2021,5302,WA,47.0,1.0,2.0
0.12434027343988419,68887.5859375,18906.826171875,0.5183663964271545,0.48172417283058167,0.09568740427494049,2022,5302,WA,47.0,1.0,2.0
0.11592285335063934,63546.40625,17861.34765625,0.5119339227676392,0.48751503229141235,0.08818937838077545,2023,5302,WA,47.0,1.0,2.0
0.10888303816318512,58395.234375,16892.046875,0.50600665807724,0.4928407669067383,0.08110508322715759,2024,5302,WA,47.0,1.0,2.0
0.10312993824481964,53659.7421875,16103.783203125,0.5003855228424072,0.49782177805900574,0.07481608539819717,2025,5302,WA,47.0,1.0,2.0
0.15232491493225098,77990.484375,24557.384765625,0.5683613419532776,0.4321846067905426,0.10778255760669708,2021,5303,WA,47.0,1.0,2.0
0.14179861545562744,73937.484375,22815.07421875,0.5626177191734314,0.43838202953338623,0.10197582840919495,2022,5303,WA,47.0,1.0,2.0
0.131587415933609,69257.3828125,21216.279296875,0.5524014830589294,0.4485289454460144,0.09553992748260498,2023,5303,WA,47.0,1.0,2.0
0.12280347943305969,64233.921875,19789.490234375,0.5434744358062744,0.4567149877548218,0.08860791474580765,2024,5303,WA,47.0,1.0,2.0
0.11548996716737747,59342.46875,18539.8828125,0.5359241366386414,0.4632989466190338,0.08215183764696121,2025,5303,WA,47.0,1.0,2.0
0.17875120043754578,75416.375,32974.421875,0.8183302283287048,0.18579357862472534,0.1038825735449791,2021,5304,WA,47.0,1.0,2.0
0.17829398810863495,73428.3046875,31878.681640625,0.8311965465545654,0.17173165082931519,0.10228761285543442,2022,5304,WA,47.0,1.0,2.0
0.17343337833881378,70845.21875,30091.193359375,0.8421379923820496,0.15989583730697632,0.09949290007352829,2023,5304,WA,47.0,1.0,2.0
0.1669037640094757,67712.5703125,27987.4140625,0.8506569266319275,0.15205980837345123,0.09625469893217087,2024,5304,WA,47.0,1.0,2.0
0.16086427867412567,64945.35546875,26006.638671875,0.8571101427078247,0.14617124199867249,0.09298399090766907,2025,5304,WA,47.0,1.0,2.0
0.16713374853134155,89557.8359375,23323.939453125,0.6782605051994324,0.3230251967906952,0.12705178558826447,2021,5305,WA,47.0,1.0,2.0
0.15526257455348969,83740.390625,21274.609375,0.6743260622024536,0.32836905121803284,0.1205185055732727,2022,5305,WA,47.0,1.0,2.0
0.14448098838329315,77774.6328125,19657.69921875,0.6661288142204285,0.33675679564476013,0.11296823620796204,2023,5305,WA,47.0,1.0,2.0
0.13508769869804382,71480.09375,18391.390625,0.658534049987793,0.34300684928894043,0.1037944033741951,2024,5305,WA,47.0,1.0,2.0
0.1277935951948166,65790.1796875,17235.6953125,0.6522856950759888,0.3483092784881592,0.09614427387714386,2025,5305,WA,47.0,1.0,2.0
0.15158453583717346,77746.1015625,21465.212890625,0.5514228343963623,0.4492690861225128,0.11068353056907654,2021,5306,WA,47.0,1.0,2.0
0.13822831213474274,71652.375,19851.419921875,0.5435569882392883,0.4568716287612915,0.10180768370628357,2022,5306,WA,47.0,1.0,2.0
0.12759460508823395,66224.59375,18662.501953125,0.5354964733123779,0.4643305540084839,0.09389449656009674,2023,5306,WA,47.0,1.0,2.0
0.11880898475646973,60964.37890625,17629.060546875,0.528228223323822,0.471064031124115,0.08635763078927994,2024,5306,WA,47.0,1.0,2.0
0.11168663948774338,56295.765625,16769.673828125,0.5215772986412048,0.4770183265209198,0.07985146343708038,2025,5306,WA,47.0,1.0,2.0
0.10943570733070374,70467.2421875,15892.162109375,0.41617897152900696,0.5826806426048279,0.10312284529209137,2021,5307,WA,47.0,1.0,2.0
0.10160594433546066,63331.671875,15566.669921875,0.4206922948360443,0.5787414908409119,0.089420385658741,2022,5307,WA,47.0,1.0,2.0
0.09381455928087234,57026.25390625,14678.6435546875,0.4216105043888092,0.5764849781990051,0.07897309213876724,2023,5307,WA,47.0,1.0,2.0
0.08815070986747742,51217.23046875,13776.341796875,0.42187079787254333,0.5753217935562134,0.07065033167600632,2024,5307,WA,47.0,1.0,2.0
0.08346215635538101,45982.33984375,13068.755859375,0.42198166251182556,0.5754619836807251,0.0634625181555748,2025,5307,WA,47.0,1.0,2.0
0.12314318865537643,60022.87890625,21572.58984375,0.48758000135421753,0.5116470456123352,0.08049026131629944,2021,5308,WA,47.0,1.0,2.0
0.11575208604335785,55669.10546875,20064.4375,0.48323774337768555,0.515653669834137,0.07522232085466385,2022,5308,WA,47.0,1.0,2.0
0.10905403643846512,51895.39453125,18767.94921875,0.47781187295913696,0.5206400156021118,0.07052350044250488,2023,5308,WA,47.0,1.0,2.0
0.10338812321424484,48406.6875,17676.193359375,0.47243812680244446,0.525622546672821,0.06617642194032669,2024,5308,WA,47.0,1.0,2.0
0.09845403581857681,44655.9140625,16752.7734375,0.4666554629802704,0.5311656594276428,0.06135664880275726,2025,5308,WA,47.0,1.0,2.0
0.14092157781124115,82643.03125,22157.638671875,0.5462124347686768,0.45391738414764404,0.11247070133686066,2021,5309,WA,47.0,1.0,2.0
0.13167792558670044,77711.078125,20847.609375,0.5416786074638367,0.45846500992774963,0.10600337386131287,2022,5309,WA,47.0,1.0,2.0
0.12300682812929153,72013.90625,19605.6171875,0.5338798761367798,0.4659433662891388,0.09840325266122818,2023,5309,WA,47.0,1.0,2.0
0.11540446430444717,66132.34375,18402.90625,0.5269691348075867,0.4722628593444824,0.09058573842048645,2024,5309,WA,47.0,1.0,2.0
0.10910805314779282,61066.74609375,17406.1953125,0.5212954878807068,0.477425217628479,0.08392606675624847,2025,5309,WA,47.0,1.0,2.0
0.15031176805496216,82135.3828125,25327.828125,0.5912102460861206,0.41028496623039246,0.11004449427127838,2021,5310,WA,47.0,1.0,2.0
0.13917399942874908,76934.7109375,23034.9375,0.581291139125824,0.4202268719673157,0.10412939637899399,2022,5310,WA,47.0,1.0,2.0
0.1294846087694168,71722.296875,21174.935546875,0.5730302929878235,0.42804667353630066,0.0977221205830574,2023,5310,WA,47.0,1.0,2.0
0.12137037515640259,66409.578125,19681.65625,0.5658236742019653,0.4346206486225128,0.09092980623245239,2024,5310,WA,47.0,1.0,2.0
0.11484380811452866,61714.359375,18519.966796875,0.5591007471084595,0.44064927101135254,0.08497054129838943,2025,5310,WA,47.0,1.0,2.0
0.16679757833480835,69174.9453125,20310.5546875,0.6929545402526855,0.3062693476676941,0.10741835832595825,2021,5401,WV,49.0,1.0,2.0
0.15333226323127747,60484.18359375,18751.08203125,0.6866887211799622,0.31359726190567017,0.09536891430616379,2022,5401,WV,49.0,1.0,2.0
0.14387384057044983,54248.78125,17457.927734375,0.6842222213745117,0.31653597950935364,0.08677877485752106,2023,5401,WV,49.0,1.0,2.0
0.13675104081630707,49634.515625,16390.900390625,0.6819825172424316,0.318973571062088,0.08080114424228668,2024,5401,WV,49.0,1.0,2.0
0.1310499906539917,45951.4296875,15542.1083984375,0.6794244647026062,0.32163286209106445,0.07608813792467117,2025,5401,WV,49.0,1.0,2.0
0.165089413523674,68014.921875,22861.70703125,0.6442821025848389,0.35508254170417786,0.10220982879400253,2021,5402,WV,49.0,1.0,2.0
0.15042148530483246,59774.609375,20964.447265625,0.6348337531089783,0.3649246394634247,0.09051746875047684,2022,5402,WV,49.0,1.0,2.0
0.14013855159282684,54013.34375,19463.267578125,0.6285894513130188,0.3713284432888031,0.08278826624155045,2023,5402,WV,49.0,1.0,2.0
0.13209350407123566,49768.03125,18234.291015625,0.6223061084747314,0.37749454379081726,0.07731164246797562,2024,5402,WV,49.0,1.0,2.0
0.12560075521469116,46456.80859375,17194.091796875,0.6155269742012024,0.3841943144798279,0.07316631823778152,2025,5402,WV,49.0,1.0,2.0
0.19141900539398193,78762.3046875,23148.88671875,0.7399154305458069,0.25776544213294983,0.1216006726026535,2021,5403,WV,49.0,1.0,2.0
0.17343531548976898,68050.6484375,20483.48828125,0.7385091185569763,0.26091116666793823,0.10722430050373077,2022,5403,WV,49.0,1.0,2.0
0.16136789321899414,60900.90234375,18682.322265625,0.7392860054969788,0.26163655519485474,0.0977734625339508,2023,5403,WV,49.0,1.0,2.0
0.15258152782917023,55758.23046875,17341.46875,0.740323543548584,0.26208800077438354,0.0913536325097084,2024,5403,WV,49.0,1.0,2.0
0.14556965231895447,51478.86328125,16402.51953125,0.7406458258628845,0.2633163332939148,0.08539723604917526,2025,5403,WV,49.0,1.0,2.0
0.13399749994277954,54813.39453125,21501.900390625,0.6370022892951965,0.3627954423427582,0.07869771122932434,2021,5501,WI,48.0,1.0,2.0
0.12783190608024597,50124.80859375,20127.732421875,0.6298001408576965,0.36951744556427,0.07356034219264984,2022,5501,WI,48.0,1.0,2.0
0.12325660139322281,46848.87109375,19161.119140625,0.6267268657684326,0.3724394738674164,0.06987325847148895,2023,5501,WI,48.0,1.0,2.0
0.11977370083332062,44100.15234375,18442.98828125,0.6227509379386902,0.37629303336143494,0.06666062027215958,2024,5501,WI,48.0,1.0,2.0
0.1172090619802475,41721.12890625,17978.837890625,0.6179773211479187,0.3809397220611572,0.0638226866722107,2025,5501,WI,48.0,1.0,2.0
0.11185066401958466,57340.34765625,18242.400390625,0.6123846769332886,0.38801154494285583,0.0796915590763092,2021,5502,WI,48.0,1.0,2.0
0.10805629938840866,52361.69921875,17074.248046875,0.5986351370811462,0.40081319212913513,0.0746411681175232,2022,5502,WI,48.0,1.0,2.0
0.10467890650033951,48743.0703125,16321.9150390625,0.5935921669006348,0.4057789444923401,0.070318803191185,2023,5502,WI,48.0,1.0,2.0
0.10247508436441422,45810.8203125,15915.076171875,0.5882871150970459,0.4110366404056549,0.06658691167831421,2024,5502,WI,48.0,1.0,2.0
0.10096102207899094,43450.83984375,15706.0302734375,0.5815877318382263,0.41759106516838074,0.06370575726032257,2025,5502,WI,48.0,1.0,2.0
0.13862314820289612,62905.34375,19761.9453125,0.6821736693382263,0.3192017078399658,0.0927642360329628,2021,5503,WI,48.0,1.0,2.0
0.1322748214006424,58043.75390625,18497.890625,0.677527666091919,0.3237721025943756,0.08645764738321304,2022,5503,WI,48.0,1.0,2.0
0.12726753950119019,53910.8125,17565.49609375,0.6753337383270264,0.3259415626525879,0.08140882104635239,2023,5503,WI,48.0,1.0,2.0
0.12349230796098709,50249.1953125,16874.162109375,0.6734262704849243,0.32766199111938477,0.07686195522546768,2024,5503,WI,48.0,1.0,2.0
0.12090647965669632,47098.01171875,16364.9609375,0.6715155839920044,0.3293653726577759,0.07310472428798676,2025,5503,WI,48.0,1.0,2.0
0.18231962621212006,107108.34375,32433.078125,0.6915335059165955,0.30866214632987976,0.1370948851108551,2021,5504,WI,48.0,1.0,2.0
0.16594919562339783,101971.8828125,28981.583984375,0.6904452443122864,0.3101191520690918,0.13178542256355286,2022,5504,WI,48.0,1.0,2.0
0.1537323147058487,95120.0703125,26171.693359375,0.685961902141571,0.3171026408672333,0.1254434883594513,2023,5504,WI,48.0,1.0,2.0
0.1438838243484497,87937.84375,23866.576171875,0.6794048547744751,0.3238701820373535,0.11819743365049362,2024,5504,WI,48.0,1.0,2.0
0.13568207621574402,81570.9921875,21929.787109375,0.6732339859008789,0.32958006858825684,0.11130370944738388,2025,5504,WI,48.0,1.0,2.0
0.10344647616147995,45108.87109375,16869.634765625,0.479268878698349,0.519542932510376,0.06292861700057983,2021,5505,WI,48.0,1.0,2.0
0.09788040071725845,40927.59375,15939.1123046875,0.4677421450614929,0.5303826332092285,0.05765289068222046,2022,5505,WI,48.0,1.0,2.0
0.09337414056062698,37563.8203125,15304.7451171875,0.4622383713722229,0.5355976223945618,0.05323658138513565,2023,5505,WI,48.0,1.0,2.0
0.0899190828204155,34934.6640625,14917.232421875,0.45745787024497986,0.5402234792709351,0.049653396010398865,2024,5505,WI,48.0,1.0,2.0
0.08722013235092163,32560.802734375,14714.3388671875,0.4520431160926819,0.5455711483955383,0.04623670130968094,2025,5505,WI,48.0,1.0,2.0
0.12982438504695892,53118.4921875,19172.087890625,0.6316496133804321,0.3691512942314148,0.07905708253383636,2021,5506,WI,48.0,1.0,2.0
0.12426020950078964,49291.10546875,18261.16796875,0.6230607628822327,0.3771018087863922,0.074081651866436,2022,5506,WI,48.0,1.0,2.0
0.11980997025966644,46030.2109375,17600.25,0.6173092126846313,0.38248151540756226,0.0698738545179367,2023,5506,WI,48.0,1.0,2.0
0.11636490374803543,43178.28125,17133.849609375,0.6115031242370605,0.38799840211868286,0.06619372218847275,2024,5506,WI,48.0,1.0,2.0
0.11358029395341873,40482.83203125,16811.337890625,0.6052771806716919,0.39393332600593567,0.06261049956083298,2025,5506,WI,48.0,1.0,2.0
0.1420142650604248,54571.94921875,20295.58984375,0.7230790853500366,0.2777341902256012,0.08343297988176346,2021,5507,WI,48.0,1.0,2.0
0.1383618861436844,51116.37109375,19328.958984375,0.7260770797729492,0.2751217186450958,0.07905701547861099,2022,5507,WI,48.0,1.0,2.0
0.1355796456336975,48221.4765625,18562.521484375,0.730080246925354,0.2709716856479645,0.07550214231014252,2023,5507,WI,48.0,1.0,2.0
0.13383062183856964,45663.71484375,17992.462890625,0.7345635294914246,0.266363263130188,0.07223562896251678,2024,5507,WI,48.0,1.0,2.0
0.13305598497390747,43492.578125,17602.927734375,0.7403148412704468,0.2605820596218109,0.06967053562402725,2025,5507,WI,48.0,1.0,2.0
0.12659701704978943,49887.609375,20265.203125,0.6586368680000305,0.3411054313182831,0.07269428670406342,2021,5508,WI,48.0,1.0,2.0
0.12360119819641113,46444.4375,19281.4453125,0.6520084738731384,0.3473247289657593,0.06931393593549728,2022,5508,WI,48.0,1.0,2.0
0.12102261930704117,43735.640625,18597.91796875,0.6502425670623779,0.3490237295627594,0.06632354110479355,2023,5508,WI,48.0,1.0,2.0
0.11922598630189896,41414.89453125,18178.419921875,0.6486455798149109,0.350533664226532,0.06359858065843582,2024,5508,WI,48.0,1.0,2.0
0.11812697350978851,39394.22265625,17930.41015625,0.6465484499931335,0.35246041417121887,0.06126616150140762,2025,5508,WI,48.0,1.0,2.0
0.1464289128780365,67436.2421875,22248.962890625,0.5629070997238159,0.4372164011001587,0.1003321185708046,2021,5600,WY,50.0,0.0,0.0
0.1382671445608139,64070.984375,21790.455078125,0.5568768978118896,0.44278407096862793,0.09421592950820923,2022,5600,WY,50.0,0.0,0.0
0.13138632476329803,60766.9140625,21220.462890625,0.5518164038658142,0.4476509988307953,0.08876872807741165,2023,5600,WY,50.0,0.0,0.0
0.12529873847961426,57747.9609375,20715.68359375,0.5465672612190247,0.4525180160999298,0.08375842869281769,2024,5600,WY,50.0,0.0,0.0
0.12026546895503998,55149.66015625,20300.1875,0.5412251949310303,0.45756110548973083,0.07931763678789139,2025,5600,WY,50.0,0.0,0.0
